conceptId	en	current_ru	problem_type	mapping_status	latin_ta	english_ta	decision	confidence	final_ru	reason
FMA3870	right anterior branch of anterior interventricular branch of left coronary artery	Правый передняя ветвь передняя межжелудочковая ветвь левый коронарная артерия	LATERALITY|GRAMMAR	NO_MATCH			APPLY	HIGH	Правая передняя ветвь передней межжелудочковой ветви левой коронарной артерии	Однозначная нормативная форма по en/TA и согласованной left/right паре.
FMA3872	first right anterior branch of anterior interventricular branch of left coronary artery	Первая правый передняя ветвь передняя межжелудочковая ветвь левый коронарная артерия	LATERALITY|GRAMMAR	NO_MATCH			APPLY	HIGH	Первая правая передняя ветвь передней межжелудочковой ветви левой коронарной артерии	Однозначная нормативная форма по en/TA и согласованной left/right паре.
FMA3874	second right anterior branch of anterior interventricular branch of left coronary artery	Вторая правый передняя ветвь передняя межжелудочковая ветвь левый коронарная артерия	LATERALITY|GRAMMAR	NO_MATCH			APPLY	HIGH	Вторая правая передняя ветвь передней межжелудочковой ветви левой коронарной артерии	Однозначная нормативная форма по en/TA и согласованной left/right паре.
FMA3876	third right anterior branch of anterior interventricular branch of left coronary artery	Третья правый передняя ветвь передняя межжелудочковая ветвь левый коронарная артерия	LATERALITY|GRAMMAR	NO_MATCH			APPLY	HIGH	Третья правая передняя ветвь передней межжелудочковой ветви левой коронарной артерии	Однозначная нормативная форма по en/TA и согласованной left/right паре.
FMA8531	right eleventh rib	Правый одиннадцатая ребро	LATERALITY|GRAMMAR	NO_MATCH			APPLY	HIGH	Правое одиннадцатое ребро	Однозначная нормативная форма по en/TA и согласованной left/right паре.
FMA8532	left eleventh rib	Левый одиннадцатая ребро	LATERALITY|GRAMMAR	NO_MATCH			APPLY	HIGH	Левое одиннадцатое ребро	Однозначная нормативная форма по en/TA и согласованной left/right паре.
FMA8533	right twelfth rib	Правый двенадцатая ребро	LATERALITY|GRAMMAR	NO_MATCH			APPLY	HIGH	Правое двенадцатое ребро	Однозначная нормативная форма по en/TA и согласованной left/right паре.
FMA8534	left twelfth rib	Левый двенадцатая ребро	LATERALITY|GRAMMAR	NO_MATCH			APPLY	HIGH	Левое двенадцатое ребро	Однозначная нормативная форма по en/TA и согласованной left/right паре.
FMA22835	right superficial palmar arterial arch	Правый поверхностная ладонная артериальная дуга	LATERALITY|GRAMMAR	NO_MATCH			APPLY	HIGH	Правая поверхностная ладонная артериальная дуга	Однозначная нормативная форма по en/TA и согласованной left/right паре.
FMA22837	left superficial palmar arterial arch	Левый поверхностная ладонная артериальная дуга	LATERALITY|GRAMMAR	NO_MATCH			APPLY	HIGH	Левая поверхностная ладонная артериальная дуга	Однозначная нормативная форма по en/TA и согласованной left/right паре.
FMA22839	right deep palmar arch	Правый глубокая ладонная дуга	LATERALITY|GRAMMAR	PROBABLE	arcus palmaris profundus	deep palmar arch	APPLY	HIGH	Правая глубокая ладонная дуга	Однозначная нормативная форма по en/TA и согласованной left/right паре.
FMA22840	left deep palmar arch	Левый глубокая ладонная дуга	LATERALITY|GRAMMAR	PROBABLE	arcus palmaris profundus	deep palmar arch	APPLY	HIGH	Левая глубокая ладонная дуга	Однозначная нормативная форма по en/TA и согласованной left/right паре.
FMA22912	right deep palmar venous arch	Правый глубокая ладонная венозная дуга	LATERALITY|GRAMMAR	NO_MATCH			APPLY	HIGH	Правая глубокая ладонная венозная дуга	Однозначная нормативная форма по en/TA и согласованной left/right паре.
FMA22913	left deep palmar venous arch	Левый глубокая ладонная венозная дуга	LATERALITY|GRAMMAR	NO_MATCH			APPLY	HIGH	Левая глубокая ладонная венозная дуга	Однозначная нормативная форма по en/TA и согласованной left/right паре.
FMA22915	right superficial palmar venous arch	Правый поверхностная ладонная венозная дуга	LATERALITY|GRAMMAR	NO_MATCH			APPLY	HIGH	Правая поверхностная ладонная венозная дуга	Однозначная нормативная форма по en/TA и согласованной left/right паре.
FMA22916	left superficial palmar venous arch	Левый поверхностная ладонная венозная дуга	LATERALITY|GRAMMAR	NO_MATCH			APPLY	HIGH	Левая поверхностная ладонная венозная дуга	Однозначная нормативная форма по en/TA и согласованной left/right паре.
FMA23089	right lumbar rotator	Правый поясничная вращатель	LATERALITY|GRAMMAR	NO_MATCH			APPLY	HIGH	Правый поясничный вращатель	Однозначная нормативная форма по en/TA и согласованной left/right паре.
FMA23090	left lumbar rotator	Левый поясничная вращатель	LATERALITY|GRAMMAR	NO_MATCH			APPLY	HIGH	Левый поясничный вращатель	Однозначная нормативная форма по en/TA и согласованной left/right паре.
FMA32544	right supraspinatus	Правый надостная	LATERALITY|GRAMMAR	NO_MATCH			APPLY	HIGH	Правая надостная мышца	Однозначная нормативная форма по en/TA и согласованной left/right паре.
FMA32545	left supraspinatus	Левый надостная	LATERALITY|GRAMMAR	NO_MATCH			APPLY	HIGH	Левая надостная мышца	Однозначная нормативная форма по en/TA и согласованной left/right паре.
FMA32634	proximal phalanx of right second toe	Проксимальная фаланга правый вторая палец стопы	LATERALITY|GRAMMAR	NO_MATCH			APPLY	HIGH	Проксимальная фаланга правого второго пальца стопы	Однозначная нормативная форма по en/TA и согласованной left/right паре.
FMA32635	proximal phalanx of left second toe	Проксимальная фаланга левый вторая палец стопы	LATERALITY|GRAMMAR	NO_MATCH			APPLY	HIGH	Проксимальная фаланга левого второго пальца стопы	Однозначная нормативная форма по en/TA и согласованной left/right паре.
FMA32638	proximal phalanx of right fourth toe	Проксимальная фаланга правый четвёртая палец стопы	LATERALITY|GRAMMAR	NO_MATCH			APPLY	HIGH	Проксимальная фаланга правого четвёртого пальца стопы	Однозначная нормативная форма по en/TA и согласованной left/right паре.
FMA32639	proximal phalanx of left fourth toe	Проксимальная фаланга левый четвёртая палец стопы	LATERALITY|GRAMMAR	NO_MATCH			APPLY	HIGH	Проксимальная фаланга левого четвёртого пальца стопы	Однозначная нормативная форма по en/TA и согласованной left/right паре.
FMA32642	middle phalanx of right second toe	Средняя фаланга правый вторая палец стопы	LATERALITY|GRAMMAR	NO_MATCH			APPLY	HIGH	Средняя фаланга правого второго пальца стопы	Однозначная нормативная форма по en/TA и согласованной left/right паре.
FMA32643	middle phalanx of left second toe	Средняя фаланга левый вторая палец стопы	LATERALITY|GRAMMAR	NO_MATCH			APPLY	HIGH	Средняя фаланга левого второго пальца стопы	Однозначная нормативная форма по en/TA и согласованной left/right паре.
FMA32646	middle phalanx of right fourth toe	Средняя фаланга правый четвёртая палец стопы	LATERALITY|GRAMMAR	NO_MATCH			APPLY	HIGH	Средняя фаланга правого четвёртого пальца стопы	Однозначная нормативная форма по en/TA и согласованной left/right паре.
FMA32647	middle phalanx of left fourth toe	Средняя фаланга левый четвёртая палец стопы	LATERALITY|GRAMMAR	NO_MATCH			APPLY	HIGH	Средняя фаланга левого четвёртого пальца стопы	Однозначная нормативная форма по en/TA и согласованной left/right паре.
FMA32652	distal phalanx of right second toe	Дистальная фаланга правый вторая палец стопы	LATERALITY|GRAMMAR	NO_MATCH			APPLY	HIGH	Дистальная фаланга правого второго пальца стопы	Однозначная нормативная форма по en/TA и согласованной left/right паре.
FMA32653	distal phalanx of left second toe	Дистальная фаланга левый вторая палец стопы	LATERALITY|GRAMMAR	NO_MATCH			APPLY	HIGH	Дистальная фаланга левого второго пальца стопы	Однозначная нормативная форма по en/TA и согласованной left/right паре.
FMA32656	distal phalanx of right fourth toe	Дистальная фаланга правый четвёртая палец стопы	LATERALITY|GRAMMAR	NO_MATCH			APPLY	HIGH	Дистальная фаланга правого четвёртого пальца стопы	Однозначная нормативная форма по en/TA и согласованной left/right паре.
FMA32657	distal phalanx of left fourth toe	Дистальная фаланга левый четвёртая палец стопы	LATERALITY|GRAMMAR	NO_MATCH			APPLY	HIGH	Дистальная фаланга левого четвёртого пальца стопы	Однозначная нормативная форма по en/TA и согласованной left/right паре.
FMA38495	right extensor carpi radialis longus	Правый длинная лучевая мышца, разгибающая запястье	LATERALITY|GRAMMAR	PROBABLE	extensor radialis longus carpi	extensor carpi radialis longus	APPLY	HIGH	Правая длинная лучевая мышца, разгибающая запястье	Однозначная нормативная форма по en/TA и согласованной left/right паре.
FMA38496	left extensor carpi radialis longus	Левый длинная лучевая мышца, разгибающая запястье	LATERALITY|GRAMMAR	PROBABLE	extensor radialis longus carpi	extensor carpi radialis longus	APPLY	HIGH	Левая длинная лучевая мышца, разгибающая запястье	Однозначная нормативная форма по en/TA и согласованной left/right паре.
FMA38498	right extensor carpi radialis brevis	Правый короткая лучевая мышца, разгибающая запястье	LATERALITY|GRAMMAR	PROBABLE	extensor radialis brevis carpi	extensor carpi radialis brevis	APPLY	HIGH	Правая короткая лучевая мышца, разгибающая запястье	Однозначная нормативная форма по en/TA и согласованной left/right паре.
FMA38499	left extensor carpi radialis brevis	Левый короткая лучевая мышца, разгибающая запястье	LATERALITY|GRAMMAR	PROBABLE	extensor radialis brevis carpi	extensor carpi radialis brevis	APPLY	HIGH	Левая короткая лучевая мышца, разгибающая запястье	Однозначная нормативная форма по en/TA и согласованной left/right паре.
FMA42603	organ component cluster	Орган компонент клустэр	TRANSLITERATION	NO_MATCH			REVIEW	LOW		Требуется внешняя русская анатомическая проверка; безопасная автоматическая форма не подтверждена.
FMA43943	right plantar arch	Правый подошвенная дуга	LATERALITY|GRAMMAR	PROBABLE	arcus plantaris	plantar arch	APPLY	HIGH	Правая подошвенная дуга	Однозначная нормативная форма по en/TA и согласованной left/right паре.
FMA43944	left plantar arch	Левый подошвенная дуга	LATERALITY|GRAMMAR	PROBABLE	arcus plantaris	plantar arch	APPLY	HIGH	Левая подошвенная дуга	Однозначная нормативная форма по en/TA и согласованной left/right паре.
FMA45826	right stylohyoid	Правый шилоподъязычная	LATERALITY|GRAMMAR	NO_MATCH			APPLY	HIGH	Правая шилоподъязычная мышца	Однозначная нормативная форма по en/TA и согласованной left/right паре.
FMA45827	left stylohyoid	Левый шилоподъязычная	LATERALITY|GRAMMAR	NO_MATCH			APPLY	HIGH	Левая шилоподъязычная мышца	Однозначная нормативная форма по en/TA и согласованной left/right паре.
FMA46284	superior oblique part of left longus colli	Верхняя косая мышца часть левый длинная колли	LATERALITY|GRAMMAR	NO_MATCH			APPLY	HIGH	Верхняя косая часть левой длинной мышцы шеи	Однозначная нормативная форма по en/TA и согласованной left/right паре.
FMA46286	vertical intermediate part of left longus colli	Вертикальная промежуточная часть левый длинная колли	LATERALITY|GRAMMAR	NO_MATCH			APPLY	HIGH	Вертикальная промежуточная часть левой длинной мышцы шеи	Однозначная нормативная форма по en/TA и согласованной left/right паре.
FMA46288	inferior oblique part of left longus colli	Нижняя косая мышца часть левый длинная колли	LATERALITY|GRAMMAR	NO_MATCH			APPLY	HIGH	Нижняя косая часть левой длинной мышцы шеи	Однозначная нормативная форма по en/TA и согласованной left/right паре.
FMA46309	right longus capitis	Правый длинная головки	LATERALITY|GRAMMAR	NO_MATCH			APPLY	HIGH	Правая длинная мышца головы	Однозначная нормативная форма по en/TA и согласованной left/right паре.
FMA46310	left longus capitis	Левый длинная головки	LATERALITY|GRAMMAR	NO_MATCH			APPLY	HIGH	Левая длинная мышца головы	Однозначная нормативная форма по en/TA и согласованной left/right паре.
FMA49072	right common tendinous ring	Правый общая сухожильная кольцо	LATERALITY|GRAMMAR	PROBABLE	anulus tendineus communis	common tendinous ring	APPLY	HIGH	Правое общее сухожильное кольцо	Однозначная нормативная форма по en/TA и согласованной left/right паре.
FMA49073	left common tendinous ring	Левый общая сухожильная кольцо	LATERALITY|GRAMMAR	PROBABLE	anulus tendineus communis	common tendinous ring	APPLY	HIGH	Левое общее сухожильное кольцо	Однозначная нормативная форма по en/TA и согласованной left/right паре.
FMA49443	anatomical cluster	Анатомический кластер	TRANSLITERATION	NO_MATCH			REVIEW	LOW		Требуется внешняя русская анатомическая проверка; безопасная автоматическая форма не подтверждена.
FMA52629	right lacrimal nerve	Правый слёзная нерв	LATERALITY|GRAMMAR	PROBABLE	nervus lacrimalis	lacrimal nerve	APPLY	HIGH	Правый слёзный нерв	Однозначная нормативная форма по en/TA и согласованной left/right паре.
FMA52630	left lacrimal nerve	Левый слёзная нерв	LATERALITY|GRAMMAR	PROBABLE	nervus lacrimalis	lacrimal nerve	APPLY	HIGH	Левый слёзный нерв	Однозначная нормативная форма по en/TA и согласованной left/right паре.
FMA52639	right frontal nerve	Правый лобная нерв	LATERALITY|GRAMMAR	PROBABLE	nervus frontalis	frontal nerve	APPLY	HIGH	Правый лобный нерв	Однозначная нормативная форма по en/TA и согласованной left/right паре.
FMA52640	left frontal nerve	Левый лобная нерв	LATERALITY|GRAMMAR	PROBABLE	nervus frontalis	frontal nerve	APPLY	HIGH	Левый лобный нерв	Однозначная нормативная форма по en/TA и согласованной left/right паре.
FMA53549	right ciliary ganglion	Правый ресничная ганглий	LATERALITY|GRAMMAR	PROBABLE	ganglion ciliare	ciliary ganglion	APPLY	HIGH	Правый ресничный ганглий	Однозначная нормативная форма по en/TA и согласованной left/right паре.
FMA53550	left ciliary ganglion	Левый ресничная ганглий	LATERALITY|GRAMMAR	PROBABLE	ganglion ciliare	ciliary ganglion	APPLY	HIGH	Левый ресничный ганглий	Однозначная нормативная форма по en/TA и согласованной left/right паре.
FMA58299	right choroid	Правый сосудистая оболочка	LATERALITY|GRAMMAR	PROBABLE	chorioidea	choroid	APPLY	HIGH	Правая сосудистая оболочка	Однозначная нормативная форма по en/TA и согласованной left/right паре.
FMA58300	left choroid	Левый сосудистая оболочка	LATERALITY|GRAMMAR	PROBABLE	chorioidea	choroid	APPLY	HIGH	Левая сосудистая оболочка	Однозначная нормативная форма по en/TA и согласованной left/right паре.
FMA59102	right lacrimal gland	Правый слёзная железа	LATERALITY|GRAMMAR	PROBABLE	glandula lacrimalis	lacrimal gland	APPLY	HIGH	Правая слёзная железа	Однозначная нормативная форма по en/TA и согласованной left/right паре.
FMA59103	left lacrimal gland	Левый слёзная железа	LATERALITY|GRAMMAR	PROBABLE	glandula lacrimalis	lacrimal gland	APPLY	HIGH	Левая слёзная железа	Однозначная нормативная форма по en/TA и согласованной left/right паре.
FMA59505	right major alar cartilage	Правый большая алар хрящ	LATERALITY|GRAMMAR	PROBABLE	cartilago alaris major	major alar cartilage	APPLY	HIGH	Правый большой крыльный хрящ	Однозначная нормативная форма по en/TA и согласованной left/right паре.
FMA59506	left major alar cartilage	Левый большая алар хрящ	LATERALITY|GRAMMAR	PROBABLE	cartilago alaris major	major alar cartilage	APPLY	HIGH	Левый большой крыльный хрящ	Однозначная нормативная форма по en/TA и согласованной left/right паре.
FMA59512	right lateral nasal cartilage	Правый латеральная носовая хрящ	LATERALITY|GRAMMAR	NO_MATCH			APPLY	HIGH	Правый латеральный носовой хрящ	Однозначная нормативная форма по en/TA и согласованной left/right паре.
FMA59513	left lateral nasal cartilage	Левый латеральная носовая хрящ	LATERALITY|GRAMMAR	NO_MATCH			APPLY	HIGH	Левый латеральный носовой хрящ	Однозначная нормативная форма по en/TA и согласованной left/right паре.
FMA59541	right lacrimal lake	Правый слёзная озеро	LATERALITY|GRAMMAR	PROBABLE	lacus lacrimalis	lacus lacrimalis	APPLY	HIGH	Правое слёзное озеро	Однозначная нормативная форма по en/TA и согласованной left/right паре.
FMA59542	left lacrimal lake	Левый слёзная озеро	LATERALITY|GRAMMAR	PROBABLE	lacus lacrimalis	lacus lacrimalis	APPLY	HIGH	Левое слёзное озеро	Однозначная нормативная форма по en/TA и согласованной left/right паре.
FMA59545	right lacrimal sac	Правый слёзная сак	LATERALITY|GRAMMAR	PROBABLE	saccus lacrimalis	lacrimal sac	APPLY	HIGH	Правый слёзный мешок	Однозначная нормативная форма по en/TA и согласованной left/right паре.
FMA59546	left lacrimal sac	Левый слёзная сак	LATERALITY|GRAMMAR	PROBABLE	saccus lacrimalis	lacrimal sac	APPLY	HIGH	Левый слёзный мешок	Однозначная нормативная форма по en/TA и согласованной left/right паре.
FMA59582	right lacrimal canaliculus	Правый слёзная каналикулус	LATERALITY|GRAMMAR	PROBABLE	canaliculus lacrimalis	lacrimal canaliculus	APPLY	HIGH	Правый слёзный канальчик	Однозначная нормативная форма по en/TA и согласованной left/right паре.
FMA59583	left lacrimal canaliculus	Левый слёзная каналикулус	LATERALITY|GRAMMAR	PROBABLE	canaliculus lacrimalis	lacrimal canaliculus	APPLY	HIGH	Левый слёзный канальчик	Однозначная нормативная форма по en/TA и согласованной left/right паре.
FMA64989	heterogeneous cluster	Хэтэрогэнэоус клустэр	TRANSLITERATION	NO_MATCH			REVIEW	LOW		Требуется внешняя русская анатомическая проверка; безопасная автоматическая форма не подтверждена.
FMA64990	organ part cluster	Орган часть клустэр	TRANSLITERATION	NO_MATCH			REVIEW	LOW		Требуется внешняя русская анатомическая проверка; безопасная автоматическая форма не подтверждена.
FMA65551	subdivisionof autonomic nervous system	Субдивисионоф вегетативная нервная система	TRANSLITERATION	NO_MATCH			REVIEW	LOW		Требуется внешняя русская анатомическая проверка; безопасная автоматическая форма не подтверждена.
FMA68211	right apical segmental bronchial tree	Правый верхушечная сегментарный бронхиальная дерево	LATERALITY|GRAMMAR	NO_MATCH			APPLY	HIGH	Правое верхушечное сегментарное бронхиальное дерево	Однозначная нормативная форма по en/TA и согласованной left/right паре.
FMA68218	right medial basal segmental bronchial tree	Правый медиальная базальная сегментарный бронхиальная дерево	LATERALITY|GRAMMAR	NO_MATCH			APPLY	HIGH	Правое медиальное базальное сегментарное бронхиальное дерево	Однозначная нормативная форма по en/TA и согласованной left/right паре.
FMA68220	right lateral basal segmental bronchial tree	Правый латеральная базальная сегментарный бронхиальная дерево	LATERALITY|GRAMMAR	NO_MATCH			APPLY	HIGH	Правое латеральное базальное сегментарное бронхиальное дерево	Однозначная нормативная форма по en/TA и согласованной left/right паре.
FMA68223	left apical segmental bronchial tree	Левый верхушечная сегментарный бронхиальная дерево	LATERALITY|GRAMMAR	NO_MATCH			APPLY	HIGH	Левое верхушечное сегментарное бронхиальное дерево	Однозначная нормативная форма по en/TA и согласованной left/right паре.
FMA68230	left medial basal segmental bronchial tree	Левый медиальная базальная сегментарный бронхиальная дерево	LATERALITY|GRAMMAR	NO_MATCH			APPLY	HIGH	Левое медиальное базальное сегментарное бронхиальное дерево	Однозначная нормативная форма по en/TA и согласованной left/right паре.
FMA68232	left lateral basal segmental bronchial tree	Левый латеральная базальная сегментарный бронхиальная дерево	LATERALITY|GRAMMAR	NO_MATCH			APPLY	HIGH	Левое латеральное базальное сегментарное бронхиальное дерево	Однозначная нормативная форма по en/TA и согласованной left/right паре.
FMA70489	posterior division of right renal artery	Задняя дивисион правый почечная артерия	TRANSLITERATION|LATERALITY|GRAMMAR	NO_MATCH			APPLY	HIGH	Задний отдел правой почечной артерии	Однозначная нормативная форма по en/TA и согласованной left/right паре.
FMA70490	posterior division of left renal artery	Задняя дивисион левый почечная артерия	TRANSLITERATION|LATERALITY|GRAMMAR	NO_MATCH			APPLY	HIGH	Задний отдел левой почечной артерии	Однозначная нормативная форма по en/TA и согласованной left/right паре.
FMA71709	subdivision of right lobe branch of right hepatic artery	Подразделение правый доля ветвь правый печёночная артерия	LATERALITY|GRAMMAR	NO_MATCH			APPLY	HIGH	Подразделение правой долевой ветви правой печёночной артерии	Однозначная нормативная форма по en/TA и согласованной left/right паре.
FMA71736	subdivision of left lobe branch of left hepatic artery	Подразделение левый доля ветвь левый печёночная артерия	LATERALITY|GRAMMAR	NO_MATCH			APPLY	HIGH	Подразделение левой долевой ветви левой печёночной артерии	Однозначная нормативная форма по en/TA и согласованной left/right паре.
FMA71859	segment of right hepatic biliary tree	Сегмент правый печёночная желчная дерево	LATERALITY|GRAMMAR	NO_MATCH			APPLY	HIGH	Сегмент правого печёночного желчного дерева	Однозначная нормативная форма по en/TA и согласованной left/right паре.
FMA71860	segment of left hepatic biliary tree	Сегмент левый печёночная желчная дерево	LATERALITY|GRAMMAR	NO_MATCH			APPLY	HIGH	Сегмент левого печёночного желчного дерева	Однозначная нормативная форма по en/TA и согласованной left/right паре.
FMA71865	segmental tributary of right hepatic biliary tree	Сегментарный приток правый печёночная желчная дерево	LATERALITY|GRAMMAR	NO_MATCH			APPLY	HIGH	Сегментарный приток правого печёночного желчного дерева	Однозначная нормативная форма по en/TA и согласованной left/right паре.
FMA71866	segmental tributary of left hepatic biliary tree	Сегментарный приток левый печёночная желчная дерево	LATERALITY|GRAMMAR	NO_MATCH			APPLY	HIGH	Сегментарный приток левого печёночного желчного дерева	Однозначная нормативная форма по en/TA и согласованной left/right паре.
FMA71869	posterior superior tributary of right hepatic biliary tree	Задняя верхняя приток правый печёночная желчная дерево	LATERALITY|GRAMMAR	NO_MATCH			APPLY	HIGH	Задний верхний приток правого печёночного желчного дерева	Однозначная нормативная форма по en/TA и согласованной left/right паре.
FMA71870	posterior inferior tributary of right hepatic biliary tree	Задняя нижняя приток правый печёночная желчная дерево	LATERALITY|GRAMMAR	NO_MATCH			APPLY	HIGH	Задний нижний приток правого печёночного желчного дерева	Однозначная нормативная форма по en/TA и согласованной left/right паре.
FMA71885	medial superior tributary of left hepatic biliary tree	Медиальная верхняя приток левый печёночная желчная дерево	LATERALITY|GRAMMAR	NO_MATCH			APPLY	HIGH	Медиальный верхний приток левого печёночного желчного дерева	Однозначная нормативная форма по en/TA и согласованной left/right паре.
FMA71886	medial inferior tributary of left hepatic biliary tree	Медиальная нижняя приток левый печёночная желчная дерево	LATERALITY|GRAMMAR	NO_MATCH			APPLY	HIGH	Медиальный нижний приток левого печёночного желчного дерева	Однозначная нормативная форма по en/TA и согласованной left/right паре.
FMA71887	lateral superior tributary of left hepatic biliary tree	Латеральная верхняя приток левый печёночная желчная дерево	LATERALITY|GRAMMAR	NO_MATCH			APPLY	HIGH	Латеральный верхний приток левого печёночного желчного дерева	Однозначная нормативная форма по en/TA и согласованной left/right паре.
FMA71888	lateral inferior tributary of left hepatic biliary tree	Латеральная нижняя приток левый печёночная желчная дерево	LATERALITY|GRAMMAR	NO_MATCH			APPLY	HIGH	Латеральный нижний приток левого печёночного желчного дерева	Однозначная нормативная форма по en/TA и согласованной left/right паре.
FMA71889	caudate lobe tributary of left hepatic biliary tree	Хвостатая доля приток левый печёночная желчная дерево	LATERALITY|GRAMMAR	NO_MATCH			APPLY	HIGH	Приток хвостатой доли левого печёночного желчного дерева	Однозначная нормативная форма по en/TA и согласованной left/right паре.
FMA72826	right caudate nucleus	Правый хвостатая ядро	LATERALITY|GRAMMAR	PROBABLE	nucleus caudatus	caudate nucleus	APPLY	HIGH	Правое хвостатое ядро	Однозначная нормативная форма по en/TA и согласованной left/right паре.
FMA72827	left caudate nucleus	Левый хвостатая ядро	LATERALITY|GRAMMAR	PROBABLE	nucleus caudatus	caudate nucleus	APPLY	HIGH	Левое хвостатое ядро	Однозначная нормативная форма по en/TA и согласованной left/right паре.
FMA72832	right amygdala	Правый миндалевидное тело	LATERALITY|GRAMMAR	PROBABLE	corpus amygdaloideum	amygdaloid body	APPLY	HIGH	Правое миндалевидное тело	Однозначная нормативная форма по en/TA и согласованной left/right паре.
FMA72833	left amygdala	Левый миндалевидное тело	LATERALITY|GRAMMAR	PROBABLE	corpus amygdaloideum	amygdaloid body	APPLY	HIGH	Левое миндалевидное тело	Однозначная нормативная форма по en/TA и согласованной left/right паре.
FMA73303	right lateral geniculate body	Правый латеральная гэникулатэ тело	LATERALITY|GRAMMAR	PROBABLE	corpus geniculatum laterale	lateral geniculate body	APPLY	HIGH	Правое латеральное коленчатое тело	Однозначная нормативная форма по en/TA и согласованной left/right паре.
FMA73304	left lateral geniculate body	Левый латеральная гэникулатэ тело	LATERALITY|GRAMMAR	PROBABLE	corpus geniculatum laterale	lateral geniculate body	APPLY	HIGH	Левое латеральное коленчатое тело	Однозначная нормативная форма по en/TA и согласованной left/right паре.
FMA73309	right medial geniculate body	Правый медиальная гэникулатэ тело	LATERALITY|GRAMMAR	PROBABLE	corpus geniculatum mediale	medial geniculate body	APPLY	HIGH	Правое медиальное коленчатое тело	Однозначная нормативная форма по en/TA и согласованной left/right паре.
FMA73310	left medial geniculate body	Левый медиальная гэникулатэ тело	LATERALITY|GRAMMAR	PROBABLE	corpus geniculatum mediale	medial geniculate body	APPLY	HIGH	Левое медиальное коленчатое тело	Однозначная нормативная форма по en/TA и согласованной left/right паре.
FMA78590	set of heterogeneous clusters	Совокупность хэтэрогэнэоус клустэрс	TRANSLITERATION	NO_MATCH			REVIEW	LOW		Требуется внешняя русская анатомическая проверка; безопасная автоматическая форма не подтверждена.
FMA81752	right cervical rotator	Правый шейная вращатель	LATERALITY|GRAMMAR	NO_MATCH			APPLY	HIGH	Правый шейный вращатель	Однозначная нормативная форма по en/TA и согласованной left/right паре.
FMA81753	left cervical rotator	Левый шейная вращатель	LATERALITY|GRAMMAR	NO_MATCH			APPLY	HIGH	Левый шейный вращатель	Однозначная нормативная форма по en/TA и согласованной left/right паре.
FMA82734	right long ciliary nerve	Правый длинная ресничная нерв	LATERALITY|GRAMMAR	NO_MATCH			APPLY	HIGH	Правый длинный ресничный нерв	Однозначная нормативная форма по en/TA и согласованной left/right паре.
FMA82735	left long ciliary nerve	Левый длинная ресничная нерв	LATERALITY|GRAMMAR	NO_MATCH			APPLY	HIGH	Левый длинный ресничный нерв	Однозначная нормативная форма по en/TA и согласованной left/right паре.
FMA83115	cell part cluster	Кэлл часть клустэр	TRANSLITERATION	NO_MATCH			REVIEW	LOW		Требуется внешняя русская анатомическая проверка; безопасная автоматическая форма не подтверждена.
FMA83143	cell part cluster of neuraxis	Кластер частей клеток нервной оси	TRANSLITERATION	NO_MATCH			REVIEW	LOW		Требуется внешняя русская анатомическая проверка; безопасная автоматическая форма не подтверждена.
FMA258847	right calcaneal tendon	Правый пяточное сухожилие	LATERALITY|GRAMMAR	PROBABLE	tendo calcaneus	calcaneal tendon	APPLY	HIGH	Правое пяточное сухожилие	Однозначная нормативная форма по en/TA и согласованной left/right паре.
FMA258850	right intermediate tendon	Правый промежуточная сухожилие	LATERALITY|GRAMMAR	PROBABLE	tendo intermedius	intermediate tendon	APPLY	HIGH	Правое промежуточное сухожилие	Однозначная нормативная форма по en/TA и согласованной left/right паре.
FMA260791	white matter of right cerebral hemisphere	Белое вещество правый мозговая полушарие	LATERALITY|GRAMMAR	NO_MATCH			APPLY	HIGH	Белое вещество правого мозгового полушария	Однозначная нормативная форма по en/TA и согласованной left/right паре.
FMA260794	white matter of left cerebral hemisphere	Белое вещество левый мозговая полушарие	LATERALITY|GRAMMAR	NO_MATCH			APPLY	HIGH	Белое вещество левого мозгового полушария	Однозначная нормативная форма по en/TA и согласованной left/right паре.
FMA264844	left calcaneal tendon	Левый пяточное сухожилие	LATERALITY|GRAMMAR	PROBABLE	tendo calcaneus	calcaneal tendon	APPLY	HIGH	Левое пяточное сухожилие	Однозначная нормативная форма по en/TA и согласованной left/right паре.
FMA7333	upper lobe of right lung	Верхняя доля правый лёгкое	LATERALITY|GRAMMAR	EXACT	lobus superior pulmonis dextri	superior lobe of right lung	APPLY	HIGH	Верхняя доля правого лёгкого	Однозначная нормативная форма по en/TA и согласованной left/right паре.
FMA7337	lower lobe of right lung	Нижняя доля правый лёгкое	LATERALITY|GRAMMAR	EXACT	lobus inferior pulmonis dextri	inferior lobe of right lung	APPLY	HIGH	Нижняя доля правого лёгкого	Однозначная нормативная форма по en/TA и согласованной left/right паре.
FMA7338	right apical bronchopulmonary segment	Правый верхушечная бронхолёгочный сегмент	LATERALITY|GRAMMAR	NO_MATCH			APPLY	HIGH	Правый верхушечный бронхолёгочный сегмент	Однозначная нормативная форма по en/TA и согласованной left/right паре.
FMA7363	right lateral basal bronchopulmonary segment	Правый латеральная базальная бронхолёгочный сегмент	LATERALITY|GRAMMAR	NO_MATCH			APPLY	HIGH	Правый латеральный базальный бронхолёгочный сегмент	Однозначная нормативная форма по en/TA и согласованной left/right паре.
FMA7365	right medial basal bronchopulmonary segment	Правый медиальная базальная бронхолёгочный сегмент	LATERALITY|GRAMMAR	NO_MATCH			APPLY	HIGH	Правый медиальный базальный бронхолёгочный сегмент	Однозначная нормативная форма по en/TA и согласованной left/right паре.
FMA7370	upper lobe of left lung	Верхняя доля левый лёгкое	LATERALITY|GRAMMAR	EXACT	lobus superior pulmonis sinistri	superior lobe of left lung	APPLY	HIGH	Верхняя доля левого лёгкого	Однозначная нормативная форма по en/TA и согласованной left/right паре.
FMA7371	lower lobe of left lung	Нижняя доля левый лёгкое	LATERALITY|GRAMMAR	EXACT	lobus inferior pulmonis sinistri	inferior lobe of left lung	APPLY	HIGH	Нижняя доля левого лёгкого	Однозначная нормативная форма по en/TA и согласованной left/right паре.
FMA7377	left medial basal bronchopulmonary segment	Левый медиальная базальная бронхолёгочный сегмент	LATERALITY|GRAMMAR	NO_MATCH			APPLY	HIGH	Левый медиальный базальный бронхолёгочный сегмент	Однозначная нормативная форма по en/TA и согласованной left/right паре.
FMA7379	left lateral basal bronchopulmonary segment	Левый латеральная базальная бронхолёгочный сегмент	LATERALITY|GRAMMAR	NO_MATCH			APPLY	HIGH	Левый латеральный базальный бронхолёгочный сегмент	Однозначная нормативная форма по en/TA и согласованной left/right паре.
FMA7385	left apical bronchopulmonary segment	Левый верхушечная бронхолёгочный сегмент	LATERALITY|GRAMMAR	NO_MATCH			APPLY	HIGH	Левый верхушечный бронхолёгочный сегмент	Однозначная нормативная форма по en/TA и согласованной left/right паре.
FMA12514	right eyeball	Правый глазное яблоко	LATERALITY|GRAMMAR	PROBABLE	bulbus oculi	eyeball	APPLY	HIGH	Правое глазное яблоко	Однозначная нормативная форма по en/TA и согласованной left/right паре.
FMA12515	left eyeball	Левый глазное яблоко	LATERALITY|GRAMMAR	PROBABLE	bulbus oculi	eyeball	APPLY	HIGH	Левое глазное яблоко	Однозначная нормативная форма по en/TA и согласованной left/right паре.
FMA24880	right free upper limb	Правый свободная верхняя конечность	LATERALITY|GRAMMAR	NO_MATCH			APPLY	HIGH	Правая свободная верхняя конечность	Однозначная нормативная форма по en/TA и согласованной left/right паре.
FMA24881	left free upper limb	Левый свободная верхняя конечность	LATERALITY|GRAMMAR	NO_MATCH			APPLY	HIGH	Левая свободная верхняя конечность	Однозначная нормативная форма по en/TA и согласованной left/right паре.
FMA24882	right free lower limb	Правый свободная нижняя конечность	LATERALITY|GRAMMAR	NO_MATCH			APPLY	HIGH	Правая свободная нижняя конечность	Однозначная нормативная форма по en/TA и согласованной left/right паре.
FMA24883	left free lower limb	Левый свободная нижняя конечность	LATERALITY|GRAMMAR	NO_MATCH			APPLY	HIGH	Левая свободная нижняя конечность	Однозначная нормативная форма по en/TA и согласованной left/right паре.
FMA26661	right bronchial tree	Правый бронхиальная дерево	LATERALITY|GRAMMAR	PROBABLE	arbor tracheobronchialis	tracheobronchial tree	APPLY	HIGH	Правое бронхиальное дерево	Однозначная нормативная форма по en/TA и согласованной left/right паре.
FMA26662	left bronchial tree	Левый бронхиальная дерево	LATERALITY|GRAMMAR	PROBABLE	arbor tracheobronchialis	tracheobronchial tree	APPLY	HIGH	Левое бронхиальное дерево	Однозначная нормативная форма по en/TA и согласованной left/right паре.
FMA31741	middle lobe part of right bronchial tree	Средняя доля часть правый бронхиальная дерево	LATERALITY|GRAMMAR	NO_MATCH			APPLY	HIGH	Средняя доля, часть правого бронхиального дерева	Однозначная нормативная форма по en/TA и согласованной left/right паре.
FMA31744	upper lobe part of right bronchial tree	Верхняя доля часть правый бронхиальная дерево	LATERALITY|GRAMMAR	NO_MATCH			APPLY	HIGH	Верхняя доля, часть правого бронхиального дерева	Однозначная нормативная форма по en/TA и согласованной left/right паре.
FMA31746	upper lobe part of left bronchial tree	Верхняя доля часть левый бронхиальная дерево	LATERALITY|GRAMMAR	NO_MATCH			APPLY	HIGH	Верхняя доля, часть левого бронхиального дерева	Однозначная нормативная форма по en/TA и согласованной left/right паре.
FMA31747	lower lobe part of right bronchial tree	Нижняя доля часть правый бронхиальная дерево	LATERALITY|GRAMMAR	NO_MATCH			APPLY	HIGH	Нижняя доля, часть правого бронхиального дерева	Однозначная нормативная форма по en/TA и согласованной left/right паре.
FMA31748	lower lobe part of left bronchial tree	Нижняя доля часть левый бронхиальная дерево	LATERALITY|GRAMMAR	NO_MATCH			APPLY	HIGH	Нижняя доля, часть левого бронхиального дерева	Однозначная нормативная форма по en/TA и согласованной left/right паре.
FMA54667	right orbital compartment	Правый глазничная компартмент	LATERALITY|GRAMMAR	NO_MATCH			APPLY	HIGH	Правый глазничный компартмент	Однозначная нормативная форма по en/TA и согласованной left/right паре.
FMA54668	left orbital compartment	Левый глазничная компартмент	LATERALITY|GRAMMAR	NO_MATCH			APPLY	HIGH	Левый глазничный компартмент	Однозначная нормативная форма по en/TA и согласованной left/right паре.
FMA58099	wall of right eyeball	Стенка правый глазное яблоко	LATERALITY|GRAMMAR	NO_MATCH			APPLY	HIGH	Стенка правого глазного яблока	Однозначная нормативная форма по en/TA и согласованной left/right паре.
FMA58100	wall of left eyeball	Стенка левый глазное яблоко	LATERALITY|GRAMMAR	NO_MATCH			APPLY	HIGH	Стенка левого глазного яблока	Однозначная нормативная форма по en/TA и согласованной left/right паре.
FMA58105	fibrous layer of right eyeball	Фиброзная слой правый глазное яблоко	LATERALITY|GRAMMAR	PROBABLE	tunica fibrosa bulbi oculi	fibrous layer of eyeball	APPLY	HIGH	Фиброзный слой правого глазного яблока	Однозначная нормативная форма по en/TA и согласованной left/right паре.
FMA58106	fibrous layer of left eyeball	Фиброзная слой левый глазное яблоко	LATERALITY|GRAMMAR	PROBABLE	tunica fibrosa bulbi oculi	fibrous layer of eyeball	APPLY	HIGH	Фиброзный слой левого глазного яблока	Однозначная нормативная форма по en/TA и согласованной left/right паре.
FMA58107	vascular layer of right eyeball	Сосудистое слой правый глазное яблоко	LATERALITY|GRAMMAR	PROBABLE	tunica vasculosa bulbi oculi	vascular layer of eyeball	APPLY	HIGH	Сосудистый слой правого глазного яблока	Однозначная нормативная форма по en/TA и согласованной left/right паре.
FMA58108	vascular layer of left eyeball	Сосудистое слой левый глазное яблоко	LATERALITY|GRAMMAR	PROBABLE	tunica vasculosa bulbi oculi	vascular layer of eyeball	APPLY	HIGH	Сосудистый слой левого глазного яблока	Однозначная нормативная форма по en/TA и согласованной left/right паре.
FMA59368	right lacrimal apparatus	Правый слёзная аппарат	LATERALITY|GRAMMAR	PROBABLE	apparatus lacrimalis	lacrimal apparatus	APPLY	HIGH	Правый слёзный аппарат	Однозначная нормативная форма по en/TA и согласованной left/right паре.
FMA59369	left lacrimal apparatus	Левый слёзная аппарат	LATERALITY|GRAMMAR	PROBABLE	apparatus lacrimalis	lacrimal apparatus	APPLY	HIGH	Левый слёзный аппарат	Однозначная нормативная форма по en/TA и согласованной left/right паре.
FMA60337	right second toe	Правый вторая палец стопы	LATERALITY|GRAMMAR	PROBABLE	digitus secundus pedis	second toe	APPLY	HIGH	Правый второй палец стопы	Однозначная нормативная форма по en/TA и согласованной left/right паре.
FMA60338	left second toe	Левый вторая палец стопы	LATERALITY|GRAMMAR	PROBABLE	digitus secundus pedis	second toe	APPLY	HIGH	Левый второй палец стопы	Однозначная нормативная форма по en/TA и согласованной left/right паре.
FMA60341	right fourth toe	Правый четвёртая палец стопы	LATERALITY|GRAMMAR	PROBABLE	digitus quartus pedis	fourth toe	APPLY	HIGH	Правый четвёртый палец стопы	Однозначная нормативная форма по en/TA и согласованной left/right паре.
FMA60342	left fourth toe	Левый четвёртая палец стопы	LATERALITY|GRAMMAR	PROBABLE	digitus quartus pedis	fourth toe	APPLY	HIGH	Левый четвёртый палец стопы	Однозначная нормативная форма по en/TA и согласованной left/right паре.
FMA61064	right lacrimal duct	Правый слёзная проток	LATERALITY|GRAMMAR	NO_MATCH			APPLY	HIGH	Правый слёзный проток	Однозначная нормативная форма по en/TA и согласованной left/right паре.
FMA61065	left lacrimal duct	Левый слёзная проток	LATERALITY|GRAMMAR	NO_MATCH			APPLY	HIGH	Левый слёзный проток	Однозначная нормативная форма по en/TA и согласованной left/right паре.
FMA61819	left cerebral hemisphere	Левый мозговая полушарие	LATERALITY|GRAMMAR	PROBABLE	hemisphaerium cerebri	cerebral hemisphere	APPLY	HIGH	Левое мозговое полушарие	Однозначная нормативная форма по en/TA и согласованной left/right паре.
FMA67292	right cerebral hemisphere	Правый мозговая полушарие	LATERALITY|GRAMMAR	PROBABLE	hemisphaerium cerebri	cerebral hemisphere	APPLY	HIGH	Правое мозговое полушарие	Однозначная нормативная форма по en/TA и согласованной left/right паре.
FMA68319	inferomedial part of right bronchial tree	Инфэромэдиал часть правый бронхиальная дерево	LATERALITY|GRAMMAR	NO_MATCH			APPLY	HIGH	Нижнемедиальная часть правого бронхиального дерева	Однозначная нормативная форма по en/TA и согласованной left/right паре.
FMA71857	right hepatic biliary tree	Правый печёночная желчная дерево	LATERALITY|GRAMMAR	NO_MATCH			APPLY	HIGH	Правое печёночное желчное дерево	Однозначная нормативная форма по en/TA и согласованной left/right паре.
FMA71858	left hepatic biliary tree	Левый печёночная желчная дерево	LATERALITY|GRAMMAR	NO_MATCH			APPLY	HIGH	Левое печёночное желчное дерево	Однозначная нормативная форма по en/TA и согласованной left/right паре.
FMA71862	posterior tributary of right hepatic biliary tree	Задняя приток правый печёночная желчная дерево	LATERALITY|GRAMMAR	NO_MATCH			APPLY	HIGH	Задний приток правого печёночного желчного дерева	Однозначная нормативная форма по en/TA и согласованной left/right паре.
FMA71863	lateral tributary of left hepatic biliary tree	Латеральная приток левый печёночная желчная дерево	LATERALITY|GRAMMAR	NO_MATCH			APPLY	HIGH	Латеральный приток левого печёночного желчного дерева	Однозначная нормативная форма по en/TA и согласованной left/right паре.
FMA71864	medial tributary of left hepatic biliary tree	Медиальная приток левый печёночная желчная дерево	LATERALITY|GRAMMAR	NO_MATCH			APPLY	HIGH	Медиальный приток левого печёночного желчного дерева	Однозначная нормативная форма по en/TA и согласованной left/right паре.
FMA242180	cortex of right cerebral hemisphere	Кора правый мозговая полушарие	LATERALITY|GRAMMAR	NO_MATCH			APPLY	HIGH	Кора правого мозгового полушария	Однозначная нормативная форма по en/TA и согласованной left/right паре.
FMA242182	cortex of left cerebral hemisphere	Кора левый мозговая полушарие	LATERALITY|GRAMMAR	NO_MATCH			APPLY	HIGH	Кора левого мозгового полушария	Однозначная нормативная форма по en/TA и согласованной left/right паре.
FMA242184	subcortex of right cerebral hemisphere	Подкорка правый мозговая полушарие	LATERALITY|GRAMMAR	NO_MATCH			APPLY	HIGH	Подкорка правого мозгового полушария	Однозначная нормативная форма по en/TA и согласованной left/right паре.
FMA242186	subcortex of left cerebral hemisphere	Подкорка левый мозговая полушарие	LATERALITY|GRAMMAR	NO_MATCH			APPLY	HIGH	Подкорка левого мозгового полушария	Однозначная нормативная форма по en/TA и согласованной left/right паре.
FMA242625	right prefrontal cortex	Правый префронтальная кора	LATERALITY|GRAMMAR	NO_MATCH			APPLY	HIGH	Правая префронтальная кора	Однозначная нормативная форма по en/TA и согласованной left/right паре.
FMA242627	left prefrontal cortex	Левый префронтальная кора	LATERALITY|GRAMMAR	NO_MATCH			APPLY	HIGH	Левая префронтальная кора	Однозначная нормативная форма по en/TA и согласованной left/right паре.
FMA260124	right orbital content	Правый глазничная содержимое	LATERALITY|GRAMMAR	NO_MATCH			APPLY	HIGH	Правое глазничное содержимое	Однозначная нормативная форма по en/TA и согласованной left/right паре.
FMA260127	left orbital content	Левый глазничная содержимое	LATERALITY|GRAMMAR	NO_MATCH			APPLY	HIGH	Левое глазничное содержимое	Однозначная нормативная форма по en/TA и согласованной left/right паре.
FMA261139	right hippocampal formation	Правый гиппокампальная образование	LATERALITY|GRAMMAR	PROBABLE	hippocampus	hippocampus	APPLY	HIGH	Правое гиппокампальное образование	Однозначная нормативная форма по en/TA и согласованной left/right паре.
FMA261141	left hippocampal formation	Левый гиппокампальная образование	LATERALITY|GRAMMAR	PROBABLE	hippocampus	hippocampus	APPLY	HIGH	Левое гиппокампальное образование	Однозначная нормативная форма по en/TA и согласованной left/right паре.
