conceptId	system	en	ru
FMA3789	arterial	Abdominal aorta	
FMA68735	arterial	Accessory subsuperior branch of right posterior basal segmental artery	
FMA23069	arterial	Acromial branch of left thoraco-acromial artery	
FMA23068	arterial	Acromial branch of right thoraco-acromial artery	
FMA68691	arterial	Anterior branch of lateral segmental artery	
FMA68683	arterial	Anterior branch of right anterior segmental artery	
FMA14816	arterial	Anterior cecal artery	
FMA50169	arterial	Anterior communicating artery	
FMA70487	arterial	Anterior division of left renal artery	
FMA70486	arterial	Anterior division of right renal artery	
FMA50544	arterial	anterior inferior cerebellar artery	
FMA70479	arterial	Anterior inferior pancreaticoduodenal artery	
FMA70443	arterial	Anterior inferior segmental hepatic artery	
FMA68665	arterial	Anterior part of right apical segmental artery	
FMA14782	arterial	Anterior superior pancreaticoduodenal artery	
FMA70442	arterial	Anterior superior segmental hepatic artery	
FMA50679	arterial	Anterior temporal branch of left lateral occipital artery	
FMA50678	arterial	Anterior temporal branch of right lateral occipital artery	
FMA50378	arterial	Anterolateral central branch of left middle cerebral artery	
FMA50377	arterial	Anterolateral central branch of right middle cerebral artery	
FMA68662	arterial	Apical part of right apical segmental artery	
FMA68670	arterial	Apical part of right posterior segmental artery	
FMA14818	arterial	Appendicular artery	
FMA3768	arterial	Arch of aorta	
FMA77439	arterial	artery of central sulcus	
FMA50484	arterial	Artery of left postcentral sulcus	
FMA50481	arterial	Artery of left precentral sulcus	
FMA50483	arterial	Artery of right postcentral sulcus	
FMA50480	arterial	Artery of right precentral sulcus	
FMA3736	arterial	Ascending aorta	
FMA14820	arterial	Ascending branch of inferior branch of ileocolic artery	
FMA14828	arterial	Ascending branch of left colic artery	
FMA68723	arterial	Basal branch of right anterior basal segmental artery	
FMA50542	arterial	Basilar artery	
FMA3932	arterial	Brachiocephalic artery	
FMA50147	arterial	Branch of left anterior choroidal artery to posterior limb of left internal capsule	
FMA50477	arterial	Branch of left middle cerebral artery to left angular gyrus	
FMA50146	arterial	Branch of right anterior choroidal artery to posterior limb of right internal capsule	
FMA50476	arterial	Branch of right middle cerebral artery to right angular gyrus	
FMA68109	arterial	Bronchial artery	
FMA14177	arterial	Bronchial branch of arch of aorta	
FMA14793	arterial	Caudal pancreatic artery	
FMA70455	arterial	Caudate lobe branch of left hepatic artery	
FMA70447	arterial	Caudate lobe branch of right hepatic artery	
FMA50737	arterial	Celiac artery	
FMA14812	arterial	Celiac trunk	
FMA3895	arterial	Circumflex branch of left coronary artery	
FMA14771	arterial	Common hepatic artery	
FMA3868	arterial	Conus branch of anterior interventricular branch of left coronary artery	
FMA23073	arterial	Deltoid branch of left thoraco-acromial artery	
FMA23072	arterial	Deltoid branch of right thoraco-acromial artery	
FMA3784	arterial	Descending aorta	
FMA14829	arterial	Descending branch of left colic artery	
FMA21423	arterial	Descending branch of left lateral circumflex femoral artery	
FMA21422	arterial	Descending branch of right lateral circumflex femoral artery	
FMA87217	arterial	Descending thoracic aorta	
FMA3860	arterial	Diagonal branch of anterior descending branch of left coronary artery	
FMA69517	arterial	Distal perforating artery	
FMA22773	arterial	Dorsal carpal branch of left radial artery	
FMA22772	arterial	Dorsal carpal branch of right radial artery	
FMA44660	arterial	Dorsal digital artery of foot	
FMA14787	arterial	Dorsal pancreatic artery	
FMA4149	arterial	Esophageal artery	
FMA3815	arterial	First anterior ventricular branch of right coronary artery	
FMA3837	arterial	First posterior ventricular branch of right coronary artery	
FMA3872	arterial	First right anterior branch of anterior interventricular branch of left coronary artery	
FMA3847	arterial	First septal branch of right posterior interventricular artery	
FMA14792	arterial	Great pancreatic artery	
FMA14772	arterial	Hepatic artery proper	
FMA50429	arterial	Hypothalamic branch of left posterior communicating artery	
FMA50428	arterial	Hypothalamic branch of right posterior communicating artery	
FMA14809	arterial	Ileal artery	
FMA14819	arterial	Ileal branch of inferior branch of ileocolic artery	
FMA14815	arterial	Ileocolic artery	
FMA68694	arterial	Inferior branch of medial segmental artery	
FMA8640	arterial	Inferior lingular artery	
FMA14750	arterial	Inferior mesenteric artery	
FMA14790	arterial	Inferior pancreatic artery	
FMA14805	arterial	Inferior pancreaticoduodenal artery	
FMA86347	arterial	Inferior segmental branch of left renal artery	
FMA86346	arterial	Inferior segmental branch of right renal artery	
FMA50370	arterial	Insular part of left middle cerebral artery	
FMA50369	arterial	Insular part of right middle cerebral artery	
FMA50352	arterial	Intermediomedial branch of left callosomarginal artery	
FMA50351	arterial	Intermediomedial branch of right callosomarginal artery	
FMA50569	arterial	Lateral branch of left pontine artery	
FMA50579	arterial	Lateral branch of left superior cerebellar artery	
FMA68725	arterial	Lateral branch of right anterior basal segmental artery	
FMA68728	arterial	Lateral branch of right lateral basal segmental artery	
FMA50568	arterial	Lateral branch of right pontine artery	
FMA50578	arterial	Lateral branch of right superior cerebellar artery	
FMA68712	arterial	Lateral branch of right superior segmental artery	
FMA70453	arterial	Lateral inferior segmental hepatic artery	
FMA23055	arterial	Lateral proper palmar digital artery of left little finger	
FMA22860	arterial	Lateral proper palmar digital artery of left middle finger	
FMA85116	arterial	Lateral proper palmar digital artery of left ring finger	
FMA23054	arterial	Lateral proper palmar digital artery of right little finger	
FMA22858	arterial	Lateral proper palmar digital artery of right middle finger	
FMA85115	arterial	Lateral proper palmar digital artery of right ring finger	
FMA70452	arterial	Lateral superior segmental hepatic artery	
FMA68738	arterial	Laterobasal branch of right posterior basal segmental artery	
FMA8645	arterial	Left anterior basal segmental artery	
FMA50030	arterial	Left anterior cerebral artery	
FMA50089	arterial	Left anterior choroidal artery	
FMA22683	arterial	Left anterior circumflex humeral artery	
FMA22813	arterial	Left anterior interosseous artery	
FMA50487	arterial	Left anterior parietal artery	
FMA13279	arterial	Left anterior segmental artery	
FMA50533	arterial	Left anterior spinal artery	
FMA50384	arterial	Left anterior temporal artery	
FMA43897	arterial	Left anterior tibial artery	
FMA43908	arterial	Left anterior tibial recurrent artery	
FMA22802	arterial	Left anterior ulnar recurrent artery	
FMA8634	arterial	Left apical segmental artery	
FMA69495	arterial	Left arcuate artery	
FMA22907	arterial	Left arteria princeps pollicis	
FMA22778	arterial	Left arteria radialis indicis	
FMA22656	arterial	Left axillary artery	
FMA22692	arterial	Left brachial artery	
FMA50348	arterial	Left callosomarginal artery	
FMA23181	arterial	Left circumflex scapular artery	
FMA14826	arterial	Left colic artery	
FMA4058	arterial	Left common carotid artery	
FMA14766	arterial	Left common iliac artery	
FMA22808	arterial	Left common interosseous artery	
FMA4086	arterial	Left costocervical trunk	
FMA22697	arterial	Left deep brachial artery	
FMA4134	arterial	Left deep cervical artery	
FMA22840	arterial	Left deep palmar arch	
FMA69515	arterial	Left deep plantar artery	
FMA22508	arterial	Left descending genicular artery	
FMA20819	arterial	Left dorsal artery of penis	
FMA22822	arterial	Left dorsal carpal branch of ulnar artery	
FMA10552	arterial	Left dorsal scapular artery	
FMA43917	arterial	Left dorsalis pedis artery	
FMA18807	arterial	Left external iliac artery	
FMA70250	arterial	Left femoral artery	
FMA85118	arterial	Left first common palmar digital artery	
FMA66243	arterial	Left first posterior intercostal artery	
FMA85124	arterial	Left fourth common palmar digital artery	
FMA14768	arterial	Left gastric artery	
FMA14796	arterial	Left gastro-epiploic artery	
FMA20689	arterial	Left inferior epigastric artery	
FMA43893	arterial	Left inferior lateral genicular artery	
FMA43891	arterial	Left inferior medial genicular artery	
FMA14747	arterial	Left inferior phrenic artery	
FMA69266	arterial	Left inferior suprarenal artery	
FMA10680	arterial	Left inferior thyroid artery	
FMA22713	arterial	Left inferior ulnar collateral artery	
FMA4062	arterial	Left internal carotid artery	
FMA18810	arterial	Left internal iliac artery	
FMA4068	arterial	Left internal thoracic artery	
FMA8646	arterial	Left lateral basal segmental artery	
FMA20802	arterial	Left lateral circumflex femoral artery	
FMA50444	arterial	Left lateral frontobasal artery	
FMA50644	arterial	Left lateral occipital artery	
FMA43932	arterial	Left lateral plantar artery	
FMA22589	arterial	Left lateral superior genicular artery	
FMA69491	arterial	Left lateral tarsal artery	
FMA22676	arterial	Left lateral thoracic artery	
FMA71710	arterial	Left lobe branch of left hepatic artery	
FMA8644	arterial	Left medial basal segmental artery	
FMA50344	arterial	Left medial frontobasal artery	
FMA50646	arterial	Left medial occipital artery	
FMA43930	arterial	Left medial plantar artery	
FMA22587	arterial	Left medial superior genicular artery	
FMA22563	arterial	Left middle genicular artery	
FMA14756	arterial	Left middle suprarenal artery	
FMA4077	arterial	Left musculophrenic artery	
FMA49870	arterial	Left ophthalmic artery	
FMA22865	arterial	Left palmar metacarpal artery	
FMA50360	arterial	Left pericallosal artery	
FMA43944	arterial	Left plantar arch	
FMA50381	arterial	Left polar temporal artery	
FMA77381	arterial	Left popliteal artery	
FMA8647	arterial	Left posterior basal segmental artery	
FMA22687	arterial	Left posterior circumflex humeral artery	
FMA50086	arterial	Left posterior communicating artery	
FMA50520	arterial	Left posterior inferior cerebellar artery	
FMA50673	arterial	Left posterior medial choroidal artery	
FMA50490	arterial	Left posterior parietal artery	
FMA8635	arterial	Left posterior segmental artery	
FMA43899	arterial	Left posterior tibial artery	
FMA22805	arterial	Left posterior ulnar recurrent artery	
FMA50478	arterial	Left prefrontal artery	
FMA50873	arterial	Left pulmonary artery	
FMA22734	arterial	Left radial artery	
FMA22766	arterial	Left radial recurrent artery	
FMA268669	arterial	Left recurrent interosseous artery	
FMA14753	arterial	Left renal artery	
FMA85120	arterial	Left second common palmar digital artery	
FMA4112	arterial	Left second posterior intercostal artery	
FMA50685	arterial	Left splenial artery	
FMA4694	arterial	Left subclavian artery	
FMA4654	arterial	Left subcostal artery	
FMA22679	arterial	Left subscapular artery	
FMA10683	arterial	Left superficial cervical artery	
FMA20736	arterial	Left superficial epigastric artery	
FMA43938	arterial	Left superficial medial plantar artery	
FMA22837	arterial	Left superficial palmar arterial arch	
FMA50575	arterial	Left superior cerebellar artery	
FMA4083	arterial	Left superior epigastric artery	
FMA4088	arterial	Left superior intercostal artery	
FMA8642	arterial	Left superior segmental artery	
FMA22708	arterial	Left superior ulnar collateral artery	
FMA10681	arterial	Left suprascapular artery	
FMA14760	arterial	Left testicular artery	
FMA50671	arterial	Left thalamogeniculate artery	
FMA50665	arterial	Left thalamoperforating artery	
FMA85122	arterial	Left third common palmar digital artery	
FMA66322	arterial	Left thoracodorsal artery	
FMA4084	arterial	Left thyrocervical trunk	
FMA10682	arterial	Left transverse cervical artery	
FMA22798	arterial	Left ulnar artery	
FMA4066	arterial	Left vertebral artery	
FMA14735	arterial	Lumbar artery	
FMA14831	arterial	Marginal artery of colon	
FMA3818	arterial	Marginal branch of right coronary artery	
FMA14824	arterial	Marginal colic artery	
FMA50567	arterial	Medial branch of left pontine artery	
FMA50582	arterial	Medial branch of left superior cerebellar artery	
FMA50566	arterial	Medial branch of right pontine artery	
FMA50581	arterial	Medial branch of right superior cerebellar artery	
FMA68706	arterial	Medial branch of right superior segmental artery	
FMA70450	arterial	Medial inferior segmental hepatic artery	
FMA23051	arterial	Medial proper palmar digital artery of left index finger	
FMA23050	arterial	Medial proper palmar digital artery of right index finger	
FMA85112	arterial	Medial proper palmar digital artery of right middle finger	
FMA23052	arterial	Medial proper palmar digital artery of right ring finger	
FMA70449	arterial	Medial superior segmental hepatic artery	
FMA68741	arterial	Mediobasal branch of right posterior basal segmental artery	
FMA14810	arterial	Middle colic artery	
FMA23125	arterial	Middle collateral branch of left deep brachial artery	
FMA23124	arterial	Middle collateral branch of right deep brachial artery	
FMA50681	arterial	Middle temporal branch of left lateral occipital artery	
FMA50468	arterial	Middle temporal branch of left middle cerebral artery	
FMA50680	arterial	Middle temporal branch of right lateral occipital artery	
FMA50467	arterial	Middle temporal branch of right middle cerebral artery	
FMA50358	arterial	Paracentral branch of left callosomarginal artery	
FMA50357	arterial	Paracentral branch of right callosomarginal artery	
FMA23064	arterial	Pectoral branch of left thoraco-acromial artery	
FMA23063	arterial	Pectoral branch of right thoraco-acromial artery	
FMA43956	arterial	Plantar metatarsal artery	
FMA50642	arterial	Postcommunicating part of left posterior cerebral artery	
FMA50641	arterial	Postcommunicating part of right posterior cerebral artery	
FMA68690	arterial	Posterior branch of lateral segmental artery	
FMA68677	arterial	Posterior branch of right anterior segmental artery	
FMA14817	arterial	Posterior cecal artery	
FMA70490	arterial	Posterior division of left renal artery	
FMA70489	arterial	Posterior division of right renal artery	
FMA70480	arterial	Posterior inferior pancreaticoduodenal artery	
FMA70446	arterial	Posterior inferior segmental hepatic artery	
FMA63822	arterial	Posterior intercostal arteries	
FMA3840	arterial	Posterior interventricular branch of right coronary artery	
FMA68673	arterial	Posterior part of right posterior segmental artery	
FMA86349	arterial	Posterior segmental branch of left renal artery	
FMA86348	arterial	Posterior segmental branch of right renal artery	
FMA14784	arterial	Posterior superior pancreaticoduodenal artery	
FMA70445	arterial	Posterior superior segmental hepatic artery	
FMA50471	arterial	Posterior temporal branch of left middle cerebral artery	
FMA50470	arterial	Posterior temporal branch of right middle cerebral artery	
FMA50354	arterial	Posteromedial branch of left callosomarginal artery	
FMA50353	arterial	Posteromedial branch of right callosomarginal artery	
FMA50661	arterial	Posteromedial central branch of left posterior cerebral artery	
FMA50660	arterial	Posteromedial central branch of right posterior cerebral artery	
FMA50640	arterial	Precommunicating part of left posterior cerebral artery	
FMA50639	arterial	Precommunicating part of right posterior cerebral artery	
FMA50362	arterial	Precuneal branch of left pericallosal artery	
FMA50361	arterial	Precuneal branch of right pericallosal artery	
FMA8612	arterial	Pulmonary trunk	
FMA23127	arterial	Radial collateral branch of left deep brachial artery	
FMA23126	arterial	Radial collateral branch of right deep brachial artery	
FMA50029	arterial	Right anterior cerebral artery	
FMA50088	arterial	Right anterior choroidal artery	
FMA22682	arterial	Right anterior circumflex humeral artery	
FMA22812	arterial	Right anterior interosseous artery	
FMA50486	arterial	Right anterior parietal artery	
FMA8620	arterial	Right anterior segmental artery	
FMA50532	arterial	Right anterior spinal artery	
FMA50383	arterial	Right anterior temporal artery	
FMA43896	arterial	Right anterior tibial artery	
FMA43907	arterial	Right anterior tibial recurrent artery	
FMA22801	arterial	Right anterior ulnar recurrent artery	
FMA69494	arterial	Right arcuate artery	
FMA22905	arterial	Right arteria princeps pollicis	
FMA22777	arterial	Right arteria radialis indicis	
FMA22655	arterial	Right axillary artery	
FMA22691	arterial	Right brachial artery	
FMA50347	arterial	Right callosomarginal artery	
FMA23180	arterial	Right circumflex scapular artery	
FMA14811	arterial	Right colic artery	
FMA3941	arterial	Right common carotid artery	
FMA14765	arterial	Right common iliac artery	
FMA22807	arterial	Right common interosseous artery	
FMA3807	arterial	Right conus artery	
FMA5039	arterial	Right costocervical trunk	
FMA22696	arterial	Right deep brachial artery	
FMA10660	arterial	Right deep cervical artery	
FMA22839	arterial	Right deep palmar arch	
FMA69514	arterial	Right deep plantar artery	
FMA22507	arterial	Right descending genicular artery	
FMA20818	arterial	Right dorsal artery of penis	
FMA22821	arterial	Right dorsal carpal branch of ulnar artery	
FMA4057	arterial	Right dorsal scapular artery	
FMA43916	arterial	Right dorsalis pedis artery	
FMA18806	arterial	Right external iliac artery	
FMA70249	arterial	Right femoral artery	
FMA22856	arterial	Right first common palmar digital artery	
FMA66242	arterial	Right first posterior intercostal artery	
FMA85123	arterial	Right fourth common palmar digital artery	
FMA14776	arterial	Right gastric artery	
FMA14781	arterial	Right gastro-epiploic artery	
FMA20688	arterial	Right inferior epigastric artery	
FMA43892	arterial	Right inferior lateral genicular artery	
FMA43890	arterial	Right inferior medial genicular artery	
FMA14746	arterial	Right inferior phrenic artery	
FMA69265	arterial	Right inferior suprarenal artery	
FMA10697	arterial	Right inferior thyroid artery	
FMA22712	arterial	Right inferior ulnar collateral artery	
FMA3949	arterial	Right internal carotid artery	
FMA18809	arterial	Right internal iliac artery	
FMA3969	arterial	Right internal thoracic artery	
FMA20801	arterial	Right lateral circumflex femoral artery	
FMA50443	arterial	Right lateral frontobasal artery	
FMA50643	arterial	Right lateral occipital artery	
FMA43931	arterial	Right lateral plantar artery	
FMA22588	arterial	Right lateral superior genicular artery	
FMA69490	arterial	Right lateral tarsal artery	
FMA22675	arterial	Right lateral thoracic artery	
FMA71708	arterial	Right lobe branch of right hepatic artery	
FMA50343	arterial	Right medial frontobasal artery	
FMA50645	arterial	Right medial occipital artery	
FMA43929	arterial	Right medial plantar artery	
FMA22586	arterial	Right medial superior genicular artery	
FMA22562	arterial	Right middle genicular artery	
FMA14755	arterial	Right middle suprarenal artery	
FMA10692	arterial	Right musculophrenic artery	
FMA49869	arterial	Right ophthalmic artery	
FMA22864	arterial	Right palmar metacarpal artery	
FMA50359	arterial	Right pericallosal artery	
FMA43943	arterial	Right plantar arch	
FMA50380	arterial	Right polar temporal artery	
FMA77380	arterial	Right popliteal artery	
FMA22685	arterial	Right posterior circumflex humeral artery	
FMA50085	arterial	Right posterior communicating artery	
FMA50519	arterial	Right posterior inferior cerebellar artery	
FMA50672	arterial	Right posterior medial choroidal artery	
FMA50489	arterial	Right posterior parietal artery	
FMA43898	arterial	Right posterior tibial artery	
FMA22804	arterial	Right posterior ulnar recurrent artery	
FMA50445	arterial	Right prefrontal artery	
FMA50872	arterial	Right pulmonary artery	
FMA22733	arterial	Right radial artery	
FMA22764	arterial	Right radial recurrent artery	
FMA268667	arterial	Right recurrent interosseous artery	
FMA14752	arterial	Right renal artery	
FMA85119	arterial	Right second common palmar digital artery	
FMA5041	arterial	Right second posterior intercostal artery	
FMA50684	arterial	Right splenial artery	
FMA3953	arterial	Right subclavian artery	
FMA4634	arterial	Right subcostal artery	
FMA22678	arterial	Right subscapular artery	
FMA10700	arterial	Right superficial cervical artery	
FMA20735	arterial	Right superficial epigastric artery	
FMA43937	arterial	Right superficial medial plantar artery	
FMA22835	arterial	Right superficial palmar arterial arch	
FMA50574	arterial	Right superior cerebellar artery	
FMA3988	arterial	Right superior epigastric artery	
FMA5042	arterial	Right superior intercostal artery	
FMA22707	arterial	Right superior ulnar collateral artery	
FMA10698	arterial	Right suprascapular artery	
FMA14759	arterial	Right testicular artery	
FMA50670	arterial	Right thalamogeniculate artery	
FMA50664	arterial	Right thalamoperforating artery	
FMA85121	arterial	Right third common palmar digital artery	
FMA66321	arterial	Right thoracodorsal artery	
FMA3992	arterial	Right thyrocervical trunk	
FMA10699	arterial	Right transverse cervical artery	
FMA22797	arterial	Right ulnar artery	
FMA68197	arterial	Right upper lobar artery	
FMA3958	arterial	Right vertebral artery	
FMA3874	arterial	Second right anterior branch of anterior interventricular branch of left coronary artery	
FMA3848	arterial	Second septal branch of right posterior interventricular artery	
FMA3892	arterial	Septal branch of anterior interventricular artery	
FMA71562	arterial	Set of calcaneal branches of posterior tibial artery	
FMA70821	arterial	Set of common plantar digital arteries	
FMA70801	arterial	Set of dorsal digital arteries	
FMA70800	arterial	Set of dorsal metacarpal arteries	
FMA71537	arterial	Set of oesophageal branches of thoracic aorta	
FMA70815	arterial	Set of perforating arteries	
FMA71564	arterial	Set of plantar digital arteries proper	
FMA71502	arterial	set of posterior temporal branches of lateral occipital artery	
FMA14830	arterial	Sigmoid artery	
FMA50367	arterial	Sphenoid part of left middle cerebral artery	
FMA50366	arterial	Sphenoid part of right middle cerebral artery	
FMA14773	arterial	Splenic artery	
FMA68693	arterial	Superior branch of medial segmental artery	
FMA68709	arterial	Superior branch of right superior segmental artery	
FMA8639	arterial	Superior lingular artery	
FMA14749	arterial	Superior mesenteric artery	
FMA14832	arterial	Superior rectal artery	
FMA86341	arterial	Superior segmental branch of left renal artery	
FMA86340	arterial	Superior segmental branch of right renal artery	
FMA50697	arterial	Superior vermian branch of medial branch of left superior cerebellar artery	
FMA50696	arterial	Superior vermian branch of medial branch of right superior cerebellar artery	
FMA50474	arterial	Temporo-occipital branch of left middle cerebral artery	
FMA50473	arterial	Temporo-occipital branch of right middle cerebral artery	
FMA3876	arterial	Third right anterior branch of anterior interventricular branch of left coronary artery	
FMA74912	arterial	Trunk of anterior interventricular branch of left coronary artery	
FMA76574	arterial	Trunk of gastroduodenal artery	
FMA76129	arterial	Trunk of inferior terminal branch of left middle cerebral artery	
FMA76128	arterial	Trunk of inferior terminal branch of right middle cerebral artery	
FMA3855	arterial	Trunk of left coronary artery	
FMA70457	arterial	Trunk of left hepatic artery	
FMA66364	arterial	Trunk of left renal artery	
FMA66564	arterial	Trunk of left thoraco-acromial artery	
FMA3802	arterial	Trunk of right coronary artery	
FMA70456	arterial	Trunk of right hepatic artery	
FMA66363	arterial	Trunk of right renal artery	
FMA66563	arterial	Trunk of right thoraco-acromial artery	
FMA66358	arterial	Trunk of superior mesenteric artery	
FMA70493	arterial	Ureteric segment of left renal artery	
FMA70492	arterial	Ureteric segment of right renal artery	
FMA7253	cardiac	Anterior cusp of aortic valve	
FMA7242	cardiac	Anterior leaflet of mitral valve	
FMA7238	cardiac	Anterior leaflet of tricuspid valve	
FMA9465	cardiac	Cavity of left atrium	
FMA9466	cardiac	Cavity of left ventricle	
FMA11359	cardiac	Cavity of right atrium	
FMA9291	cardiac	Cavity of right ventricle	
FMA78469	cardiac	Fourth ventricle	
FMA75351	cardiac	Interventricular foramen	
FMA7247	cardiac	Left anterior cusp of pulmonary valve	
FMA78450	cardiac	Left lateral ventricle	
FMA7254	cardiac	Left posterior cusp of aortic valve	
FMA7250	cardiac	Posterior cusp of pulmonary valve	
FMA7243	cardiac	Posterior leaflet of mitral valve	
FMA7239	cardiac	Posterior leaflet of tricuspid valve	
FMA7249	cardiac	Right anterior cusp of pulmonary valve	
FMA78449	cardiac	Right lateral ventricle	
FMA7252	cardiac	Right posterior cusp of aortic valve	
FMA7240	cardiac	Septal leaflet of tricuspid valve	
FMA78454	cardiac	Third ventricle	
FMA9531	cardiac	Wall of left atrium	
FMA9457	cardiac	Wall of right atrium	
FMA13884	cardiac	Wall of ventricle	
FMA49145	connective	Check ligament of left lateral rectus	
FMA49148	connective	Check ligament of left medial rectus	
FMA49144	connective	Check ligament of right lateral rectus	
FMA49147	connective	Check ligament of right medial rectus	
FMA55227	connective	Hyo-epiglottic ligament	
FMA23708	connective	Interosseous membrane of left forearm	
FMA35193	connective	Interosseous membrane of left leg	
FMA23707	connective	Interosseous membrane of right forearm	
FMA35192	connective	Interosseous membrane of right leg	
FMA264844	connective	Left calcaneal tendon	
FMA55252	connective	Left conus elasticus	
FMA55141	connective	Left lateral thyrohyoid ligament	
FMA44250	connective	Left long plantar ligament	
FMA55620	connective	Left pterygomandibular raphe	
FMA72311	connective	Left stylohyoid ligament	
FMA22426	connective	Left tensor fasciae latae	
FMA55134	connective	Left thyrohyoid membrane	
FMA55246	connective	Left vocal ligament	
FMA11336	connective	Linea alba	
FMA55237	connective	Median cricothyroid ligament	
FMA55138	connective	Median thyrohyoid ligament	
FMA55077	connective	Pharyngeal raphe	
FMA258847	connective	Right calcaneal tendon	
FMA55251	connective	Right conus elasticus	
FMA258850	connective	Right intermediate tendon	
FMA55140	connective	Right lateral thyrohyoid ligament	
FMA44249	connective	Right long plantar ligament	
FMA55619	connective	Right pterygomandibular raphe	
FMA72309	connective	Right stylohyoid ligament	
FMA22425	connective	Right tensor fasciae latae	
FMA55133	connective	Right thyrohyoid membrane	
FMA55245	connective	Right vocal ligament	
FMA46442	connective	tendinous arch of levator ani	
FMA54159	connective	Tendon of right levator palpebrae superioris	
FMA55230	connective	Thyro-epiglottic ligament	
FMA49068	connective	Trochlea of left superior oblique	
FMA49067	connective	Trochlea of right superior oblique	
FMA71868	digestive	Anterior inferior tributary of right hepatic biliary tree	
FMA71867	digestive	Anterior superior tributary of right hepatic biliary tree	
FMA14542	digestive	Appendix	
FMA14545	digestive	Ascending colon	
FMA13365	digestive	Caudate lobe of liver	
FMA71889	digestive	Caudate lobe tributary of left hepatic biliary tree	
FMA14668	digestive	Common hepatic duct	
FMA14539	digestive	Cystic duct	
FMA14547	digestive	Descending colon	
FMA14966	digestive	Distal part of ileum	
FMA16983	digestive	Distal part of jejunum	
FMA7206	digestive	Duodenum	
FMA7131	digestive	Esophagus	
FMA7202	digestive	Gallbladder	
FMA11338	digestive	Ileocecal junction	
FMA71888	digestive	Lateral inferior tributary of left hepatic biliary tree	
FMA71887	digestive	Lateral superior tributary of left hepatic biliary tree	
FMA76903	digestive	Left duct of caudate lobe of liver	
FMA14670	digestive	Left hepatic duct	
FMA59805	digestive	Left sublingual gland	
FMA59803	digestive	Left submandibular gland	
FMA71886	digestive	Medial inferior tributary of left hepatic biliary tree	
FMA71885	digestive	Medial superior tributary of left hepatic biliary tree	
FMA14643	digestive	Mesentery of small intestine	
FMA16549	digestive	Mesoappendix	
FMA14965	digestive	Middle part of ileum	
FMA16982	digestive	Middle part of jejunum	
FMA7198	digestive	Pancreas	
FMA10419	digestive	Pancreatic duct	
FMA63103	digestive	Pancreatic duct tree	
FMA63120	digestive	Parenchyma of pancreas	
FMA71870	digestive	Posterior inferior tributary of right hepatic biliary tree	
FMA71869	digestive	Posterior superior tributary of right hepatic biliary tree	
FMA14964	digestive	Proximal part of ileum	
FMA16981	digestive	Proximal part of jejunum	
FMA14544	digestive	Rectum	
FMA14669	digestive	Right hepatic duct	
FMA59804	digestive	Right sublingual gland	
FMA59802	digestive	Right submandibular gland	
FMA7148	digestive	Stomach	
FMA15044	digestive	Taenia libera	
FMA15042	digestive	Taenia mesocolica	
FMA15043	digestive	Taenia omentalis	
FMA54640	digestive	Tongue	
FMA14546	digestive	Transverse colon	
FMA14647	digestive	Transverse mesocolon	
FMA15630	endocrine	Left adrenal gland	
FMA62033	endocrine	Pineal body	
FMA13889	endocrine	Pituitary gland	
FMA15629	endocrine	Right adrenal gland	
FMA54237	integumentary	Eyebrow	
FMA54241	integumentary	Hair of head	
FMA59816	integumentary	Lip	
FMA54319	integumentary	Pubic hair	
FMA7163	integumentary	Skin	
FMA71195	lymphatic	Left lobe of thymus	
FMA71194	lymphatic	Right lobe of thymus	
FMA7196	lymphatic	Spleen	
FMA45875	muscular	Abdominal part of left pectoralis major	
FMA45874	muscular	Abdominal part of right pectoralis major	
FMA37464	muscular	Abductor digiti minimi of left foot	
FMA37397	muscular	Abductor digiti minimi of left hand	
FMA37463	muscular	Abductor digiti minimi of right foot	
FMA37396	muscular	Abductor digiti minimi of right hand	
FMA34683	muscular	Acromial part of left deltoid	
FMA34682	muscular	Acromial part of right deltoid	
FMA7260	muscular	Anterior papillary muscle of right ventricle	
FMA7265	muscular	Anterolateral head of lateral papillary muscle of left ventricle	
FMA33583	muscular	Ascending part of left trapezius	
FMA33581	muscular	Ascending part of right trapezius	
FMA34681	muscular	Clavicular part of left deltoid	
FMA34691	muscular	Clavicular part of left pectoralis major	
FMA34680	muscular	Clavicular part of right deltoid	
FMA34690	muscular	Clavicular part of right pectoralis major	
FMA33587	muscular	Descending part of left trapezius	
FMA33586	muscular	Descending part of right trapezius	
FMA13295	muscular	Diaphragm	
FMA21930	muscular	External anal sphincter	
FMA9756	muscular	external intercostal muscle	
FMA37718	muscular	First lumbrical of left foot	
FMA37717	muscular	First lumbrical of right foot	
FMA37746	muscular	First plantar interosseous of left foot	
FMA37745	muscular	First plantar interosseous of right foot	
FMA37472	muscular	Flexor digiti minimi brevis of left foot	
FMA37399	muscular	Flexor digiti minimi brevis of left hand	
FMA37471	muscular	Flexor digiti minimi brevis of right foot	
FMA37398	muscular	Flexor digiti minimi brevis of right hand	
FMA37484	muscular	Fourth lumbrical of left foot	
FMA37483	muscular	Fourth lumbrical of right foot	
FMA38618	muscular	Humeral head of left flexor carpi ulnaris	
FMA38561	muscular	Humeral head of left pronator teres	
FMA38617	muscular	Humeral head of right flexor carpi ulnaris	
FMA38560	muscular	Humeral head of right pronator teres	
FMA46288	muscular	Inferior oblique part of left longus colli	
FMA9758	muscular	innermost intercostal muscle	
FMA9757	muscular	internal intercostal muscle	
FMA45974	muscular	Lateral head of left flexor hallucis brevis	
FMA45961	muscular	Lateral head of left gastrocnemius	
FMA37698	muscular	Lateral head of left triceps brachii	
FMA45973	muscular	Lateral head of right flexor hallucis brevis	
FMA45960	muscular	Lateral head of right gastrocnemius	
FMA37697	muscular	Lateral head of right triceps brachii	
FMA22850	muscular	lateral lumbar intertransversarius	
FMA7264	muscular	Lateral papillary muscle of left ventricle	
FMA37460	muscular	Left abductor hallucis	
FMA37387	muscular	Left abductor pollicis brevis	
FMA38517	muscular	Left abductor pollicis longus	
FMA22454	muscular	Left adductor brevis	
FMA22457	muscular	Left adductor longus	
FMA22460	muscular	Left adductor magnus	
FMA43887	muscular	Left adductor minimus	
FMA37706	muscular	Left anconeus	
FMA46605	muscular	Left aryepiglotticus	
FMA37669	muscular	Left brachialis	
FMA38487	muscular	Left brachioradialis	
FMA81753	muscular	Left cervical rotator	
FMA46444	muscular	Left coccygeus	
FMA37666	muscular	Left coracobrachialis	
FMA46293	muscular	Left digastric	
FMA38499	muscular	Left extensor carpi radialis brevis	
FMA38496	muscular	Left extensor carpi radialis longus	
FMA38508	muscular	Left extensor carpi ulnaris	
FMA38505	muscular	Left extensor digiti minimi	
FMA38502	muscular	Left extensor digitorum	
FMA22549	muscular	Left extensor digitorum longus	
FMA51145	muscular	Left extensor hallucis brevis	
FMA22547	muscular	Left extensor hallucis longus	
FMA38526	muscular	Left extensor indicis	
FMA38520	muscular	Left extensor pollicis brevis	
FMA38523	muscular	Left extensor pollicis longus	
FMA13337	muscular	Left external oblique	
FMA37466	muscular	Left flexor accessorius	
FMA38461	muscular	Left flexor carpi radialis	
FMA37462	muscular	Left flexor digitorum brevis	
FMA65017	muscular	Left flexor digitorum longus	
FMA38480	muscular	Left flexor digitorum profundus	
FMA38471	muscular	Left flexor digitorum superficialis	
FMA65015	muscular	Left flexor hallucis longus	
FMA37389	muscular	Left flexor pollicis brevis	
FMA38484	muscular	Left flexor pollicis longus	
FMA22337	muscular	Left gemellus inferior	
FMA22335	muscular	Left gemellus superior	
FMA46702	muscular	Left genioglossus	
FMA46327	muscular	Left geniohyoid	
FMA22329	muscular	Left gluteus maximus	
FMA22331	muscular	Left gluteus medius	
FMA22333	muscular	Left gluteus minimus	
FMA43884	muscular	Left gracilis	
FMA46704	muscular	Left hyoglossus	
FMA22323	muscular	Left iliacus	
FMA45859	muscular	Left iliococcygeus	
FMA22745	muscular	Left iliocostalis cervicis	
FMA22741	muscular	Left iliocostalis lumborum	
FMA22743	muscular	Left iliocostalis thoracis	
FMA49051	muscular	Left inferior oblique	
FMA49047	muscular	Left inferior rectus	
FMA32548	muscular	Left infraspinatus muscle	
FMA22891	muscular	Left interspinalis thoracis	
FMA46581	muscular	Left lateral crico-arytenoid	
FMA49055	muscular	Left lateral rectus	
FMA49049	muscular	Left levator palpebrae superioris	
FMA46729	muscular	Left levator veli palatini	
FMA22756	muscular	Left longissimus capitis	
FMA22758	muscular	Left longissimus cervicis	
FMA22753	muscular	Left longissimus thoracis	
FMA46310	muscular	Left longus capitis	
FMA23090	muscular	Left lumbar rotator	
FMA49057	muscular	Left medial rectus	
FMA46322	muscular	Left mylohyoid	
FMA46585	muscular	Left oblique arytenoid	
FMA32537	muscular	Left obliquus capitis inferior	
FMA32535	muscular	Left obliquus capitis superior	
FMA22327	muscular	Left obturator externus	
FMA22325	muscular	Left obturator internus	
FMA13349	muscular	Left omohyoid	
FMA37391	muscular	Left opponens pollicis	
FMA38464	muscular	Left palmaris longus	
FMA22451	muscular	Left pectineus	
FMA13376	muscular	Left pectoralis minor	
FMA22341	muscular	Left piriformis	
FMA22561	muscular	Left plantaris	
FMA45740	muscular	Left platysma	
FMA22592	muscular	Left popliteus	
FMA46578	muscular	Left posterior crico-arytenoid	
FMA38455	muscular	Left pronator quadratus	
FMA22343	muscular	Left psoas major	
FMA45855	muscular	Left pubococcygeus	
FMA45857	muscular	Left puborectalis	
FMA22339	muscular	Left quadratus femoris	
FMA46314	muscular	Left rectus capitis anterior	
FMA46318	muscular	Left rectus capitis lateralis	
FMA32531	muscular	Left rectus capitis posterior major	
FMA32533	muscular	Left rectus capitis posterior minor	
FMA38929	muscular	Left rectus femoris	
FMA13382	muscular	Left rhomboid major	
FMA13384	muscular	Left rhomboid minor	
FMA22355	muscular	Left sartorius	
FMA13393	muscular	Left scalenus anterior	
FMA13391	muscular	Left scalenus medius	
FMA13389	muscular	Left scalenus posterior	
FMA22449	muscular	Left semimembranosus	
FMA22877	muscular	Left semispinalis capitis	
FMA22875	muscular	Left semispinalis cervicis	
FMA22873	muscular	Left semispinalis thoracis	
FMA22359	muscular	Left semitendinosus	
FMA13399	muscular	Left serratus anterior	
FMA13406	muscular	Left serratus posterior inferior	
FMA13404	muscular	Left serratus posterior superior	
FMA22559	muscular	Left soleus	
FMA22780	muscular	Left spinalis thoracis	
FMA22729	muscular	Left splenius capitis	
FMA22727	muscular	Left splenius cervicis	
FMA13409	muscular	Left sternocleidomastoid	
FMA13347	muscular	Left sternohyoid	
FMA13351	muscular	Left sternothyroid	
FMA45827	muscular	Left stylohyoid	
FMA13411	muscular	Left subclavius	
FMA49053	muscular	Left superior oblique	
FMA49045	muscular	Left superior rectus	
FMA38514	muscular	Left supinator	
FMA32545	muscular	Left supraspinatus	
FMA46732	muscular	Left tensor veli palatini	
FMA32552	muscular	Left teres major	
FMA32554	muscular	Left teres minor	
FMA46590	muscular	Left thyro-arytenoid	
FMA13353	muscular	Left thyrohyoid	
FMA9762	muscular	Left transversus thoracis	
FMA38935	muscular	Left vastus intermedius	
FMA38931	muscular	Left vastus lateralis	
FMA38933	muscular	Left vastus medialis	
FMA46593	muscular	Left vocalis	
FMA37687	muscular	Long head of left biceps brachii	
FMA45889	muscular	Long head of left biceps femoris	
FMA37700	muscular	Long head of left triceps brachii	
FMA37686	muscular	Long head of right biceps brachii	
FMA45888	muscular	Long head of right biceps femoris	
FMA37699	muscular	Long head of right triceps brachii	
FMA45972	muscular	Medial head of left flexor hallucis brevis	
FMA45958	muscular	Medial head of left gastrocnemius	
FMA37696	muscular	Medial head of left triceps brachii	
FMA45971	muscular	Medial head of right flexor hallucis brevis	
FMA45957	muscular	Medial head of right gastrocnemius	
FMA37695	muscular	Medial head of right triceps brachii	
FMA22851	muscular	medial lumbar intertransversarius	
FMA46019	muscular	Oblique head of left adductor hallucis	
FMA46122	muscular	Oblique head of left adductor pollicis	
FMA46018	muscular	Oblique head of right adductor hallucis	
FMA46121	muscular	Oblique head of right adductor pollicis	
FMA46614	muscular	Oblique part of left cricothyroid	
FMA46613	muscular	Oblique part of right cricothyroid	
FMA86035	muscular	Opponens digiti minimi of left foot	
FMA37401	muscular	Opponens digiti minimi of left hand	
FMA86034	muscular	Opponens digiti minimi of right foot	
FMA37400	muscular	Opponens digiti minimi of right hand	
FMA7261	muscular	Posterior papillary muscle of right ventricle	
FMA37459	muscular	Right abductor hallucis	
FMA37386	muscular	Right abductor pollicis brevis	
FMA38516	muscular	Right abductor pollicis longus	
FMA22452	muscular	Right adductor brevis	
FMA22456	muscular	Right adductor longus	
FMA22459	muscular	Right adductor magnus	
FMA43886	muscular	Right adductor minimus	
FMA37705	muscular	Right anconeus	
FMA46604	muscular	Right aryepiglotticus	
FMA37668	muscular	Right brachialis	
FMA38486	muscular	Right brachioradialis	
FMA81752	muscular	Right cervical rotator	
FMA46443	muscular	Right coccygeus	
FMA37665	muscular	Right coracobrachialis	
FMA46292	muscular	Right digastric	
FMA38498	muscular	Right extensor carpi radialis brevis	
FMA38495	muscular	Right extensor carpi radialis longus	
FMA38507	muscular	Right extensor carpi ulnaris	
FMA38504	muscular	Right extensor digiti minimi	
FMA38501	muscular	Right extensor digitorum	
FMA22548	muscular	Right extensor digitorum longus	
FMA51144	muscular	Right extensor hallucis brevis	
FMA22546	muscular	Right extensor hallucis longus	
FMA38525	muscular	Right extensor indicis	
FMA38519	muscular	Right extensor pollicis brevis	
FMA38522	muscular	Right extensor pollicis longus	
FMA13336	muscular	Right external oblique	
FMA37465	muscular	Right flexor accessorius	
FMA38460	muscular	Right flexor carpi radialis	
FMA37461	muscular	Right flexor digitorum brevis	
FMA65016	muscular	Right flexor digitorum longus	
FMA38479	muscular	Right flexor digitorum profundus	
FMA38470	muscular	Right flexor digitorum superficialis	
FMA65014	muscular	Right flexor hallucis longus	
FMA37388	muscular	Right flexor pollicis brevis	
FMA38482	muscular	Right flexor pollicis longus	
FMA22336	muscular	Right gemellus inferior	
FMA22334	muscular	Right gemellus superior	
FMA46698	muscular	Right genioglossus	
FMA46326	muscular	Right geniohyoid	
FMA22328	muscular	Right gluteus maximus	
FMA22330	muscular	Right gluteus medius	
FMA22332	muscular	Right gluteus minimus	
FMA43883	muscular	Right gracilis	
FMA46703	muscular	Right hyoglossus	
FMA22322	muscular	Right iliacus	
FMA45858	muscular	Right iliococcygeus	
FMA22744	muscular	Right iliocostalis cervicis	
FMA22740	muscular	Right iliocostalis lumborum	
FMA22742	muscular	Right iliocostalis thoracis	
FMA49050	muscular	Right inferior oblique	
FMA49046	muscular	Right inferior rectus	
FMA32547	muscular	Right infraspinatus muscle	
FMA22890	muscular	Right interspinalis thoracis	
FMA46580	muscular	Right lateral crico-arytenoid	
FMA49054	muscular	Right lateral rectus	
FMA49048	muscular	Right levator palpebrae superioris	
FMA46728	muscular	Right levator veli palatini	
FMA22754	muscular	Right longissimus capitis	
FMA22757	muscular	Right longissimus cervicis	
FMA22751	muscular	Right longissimus thoracis	
FMA46309	muscular	Right longus capitis	
FMA23089	muscular	Right lumbar rotator	
FMA49056	muscular	Right medial rectus	
FMA46321	muscular	Right mylohyoid	
FMA46584	muscular	Right oblique arytenoid	
FMA32536	muscular	Right obliquus capitis inferior	
FMA32534	muscular	Right obliquus capitis superior	
FMA22326	muscular	Right obturator externus	
FMA22324	muscular	Right obturator internus	
FMA13348	muscular	Right omohyoid	
FMA37390	muscular	Right opponens pollicis	
FMA38463	muscular	Right palmaris longus	
FMA22450	muscular	Right pectineus	
FMA13375	muscular	Right pectoralis minor	
FMA22340	muscular	Right piriformis	
FMA22560	muscular	Right plantaris	
FMA45739	muscular	Right platysma	
FMA22591	muscular	Right popliteus	
FMA46577	muscular	Right posterior crico-arytenoid	
FMA38454	muscular	Right pronator quadratus	
FMA22342	muscular	Right psoas major	
FMA45854	muscular	Right pubococcygeus	
FMA45856	muscular	Right puborectalis	
FMA22338	muscular	Right quadratus femoris	
FMA46313	muscular	Right rectus capitis anterior	
FMA46317	muscular	Right rectus capitis lateralis	
FMA32530	muscular	Right rectus capitis posterior major	
FMA32532	muscular	Right rectus capitis posterior minor	
FMA38928	muscular	Right rectus femoris	
FMA13381	muscular	Right rhomboid major	
FMA13383	muscular	Right rhomboid minor	
FMA22354	muscular	Right sartorius	
FMA13392	muscular	Right scalenus anterior	
FMA13390	muscular	Right scalenus medius	
FMA13388	muscular	Right scalenus posterior	
FMA22448	muscular	Right semimembranosus	
FMA22876	muscular	Right semispinalis capitis	
FMA22874	muscular	Right semispinalis cervicis	
FMA22872	muscular	Right semispinalis thoracis	
FMA22358	muscular	Right semitendinosus	
FMA13398	muscular	Right serratus anterior	
FMA13405	muscular	Right serratus posterior inferior	
FMA13403	muscular	Right serratus posterior superior	
FMA22558	muscular	Right soleus	
FMA22779	muscular	Right spinalis thoracis	
FMA22728	muscular	Right splenius capitis	
FMA22726	muscular	Right splenius cervicis	
FMA13408	muscular	Right sternocleidomastoid	
FMA13346	muscular	Right sternohyoid	
FMA13350	muscular	Right sternothyroid	
FMA45826	muscular	Right stylohyoid	
FMA13412	muscular	Right subclavius	
FMA49052	muscular	Right superior oblique	
FMA49044	muscular	Right superior rectus	
FMA38513	muscular	Right supinator	
FMA32544	muscular	Right supraspinatus	
FMA46731	muscular	Right tensor veli palatini	
FMA32551	muscular	Right teres major	
FMA32553	muscular	Right teres minor	
FMA46589	muscular	Right thyro-arytenoid	
FMA13352	muscular	Right thyrohyoid	
FMA9761	muscular	Right transversus thoracis	
FMA38934	muscular	Right vastus intermedius	
FMA38930	muscular	Right vastus lateralis	
FMA38932	muscular	Right vastus medialis	
FMA46592	muscular	Right vocalis	
FMA37720	muscular	Second lumbrical of left foot	
FMA37719	muscular	Second lumbrical of right foot	
FMA37744	muscular	Second plantar interosseous of left foot	
FMA37743	muscular	Second plantar interosseous of right foot	
FMA7262	muscular	Septal papillary muscle of right ventricle	
FMA71442	muscular	set of anterior cervical intertransversarii	
FMA42405	muscular	Set of dorsal interossei of left hand	
FMA42404	muscular	Set of dorsal interossei of right hand	
FMA71309	muscular	set of interspinales cervicis	
FMA71307	muscular	set of interspinales lumborum	
FMA74078	muscular	Set of left levatores costarum breves	
FMA74076	muscular	Set of left levatores costarum longi	
FMA42399	muscular	Set of lumbricals of left hand	
FMA42398	muscular	Set of lumbricals of right hand	
FMA42403	muscular	Set of palmar interossei of left hand	
FMA42402	muscular	Set of palmar interossei of right hand	
FMA71443	muscular	set of posterior cervical intertransversarii	
FMA74077	muscular	Set of right levatores costarum breves	
FMA74075	muscular	Set of right levatores costarum longi	
FMA37685	muscular	Short head of left biceps brachii	
FMA45892	muscular	Short head of left biceps femoris	
FMA37684	muscular	Short head of right biceps brachii	
FMA45891	muscular	Short head of right biceps femoris	
FMA34685	muscular	Spinal part of left deltoid	
FMA34684	muscular	Spinal part of right deltoid	
FMA77179	muscular	spinalis	
FMA79980	muscular	Sternocostal part of left pectoralis major	
FMA79979	muscular	Sternocostal part of right pectoralis major	
FMA46612	muscular	Straight part of left cricothyroid	
FMA46611	muscular	Straight part of right cricothyroid	
FMA65199	muscular	Superficial head of left flexor pollicis brevis	
FMA65198	muscular	Superficial head of right flexor pollicis brevis	
FMA19728	muscular	superficial perineal muscle	
FMA46284	muscular	Superior oblique part of left longus colli	
FMA37486	muscular	Third lumbrical of left foot	
FMA37485	muscular	Third lumbrical of right foot	
FMA37742	muscular	Third plantar interosseous of left foot	
FMA37741	muscular	Third plantar interosseous of right foot	
FMA23083	muscular	thoracic rotator	
FMA46582	muscular	Transverse arytenoid	
FMA46021	muscular	Transverse head of left adductor hallucis	
FMA46124	muscular	Transverse head of left adductor pollicis	
FMA46020	muscular	Transverse head of right adductor hallucis	
FMA46123	muscular	Transverse head of right adductor pollicis	
FMA33585	muscular	Transverse part of left trapezius	
FMA33584	muscular	Transverse part of right trapezius	
FMA38620	muscular	Ulnar head of left flexor carpi ulnaris	
FMA38563	muscular	Ulnar head of left pronator teres	
FMA38619	muscular	Ulnar head of right flexor carpi ulnaris	
FMA38562	muscular	Ulnar head of right pronator teres	
FMA46733	muscular	Uvular muscle	
FMA46286	muscular	Vertical intermediate part of left longus colli	
FMA61961	nervous	Anterior commissure	
FMA72801	nervous	Anterior part of left superior temporal gyrus	
FMA72800	nervous	Anterior part of right superior temporal gyrus	
FMA73464	nervous	Brachium of left inferior colliculus	
FMA73462	nervous	Brachium of left superior colliculus	
FMA73463	nervous	Brachium of right inferior colliculus	
FMA73461	nervous	Brachium of right superior colliculus	
FMA78497	nervous	Central canal of spinal cord	
FMA67944	nervous	Cerebellum	
FMA78467	nervous	Cerebral aqueduct	
FMA61970	nervous	Commissure of fornix of forebrain	
FMA52674	nervous	Communicating branch of left nasociliary nerve with left ciliary ganglion	
FMA52673	nervous	Communicating branch of right nasociliary nerve with right ciliary ganglion	
FMA86464	nervous	Corpus callosum	
FMA62032	nervous	Habenula	
FMA62008	nervous	Hypothalamus	
FMA52577	nervous	Inferior branch of left oculomotor nerve	
FMA52576	nervous	Inferior branch of right oculomotor nerve	
FMA83740	nervous	Interpeduncular fossa	
FMA61975	nervous	Lamina terminalis	
FMA72833	nervous	Left amygdala	
FMA72670	nervous	Left angular gyrus	
FMA52677	nervous	Left anterior ethmoidal nerve	
FMA72827	nervous	Left caudate nucleus	
FMA53550	nervous	Left ciliary ganglion	
FMA72718	nervous	Left cingulate gyrus	
FMA72925	nervous	Left fornix of forebrain	
FMA52640	nervous	Left frontal nerve	
FMA72690	nervous	Left fusiform gyrus	
FMA72831	nervous	Left globus pallidus	
FMA72714	nervous	Left hippocampus	
FMA73435	nervous	Left inferior colliculus	
FMA72658	nervous	Left inferior frontal gyrus	
FMA72688	nervous	Left inferior temporal gyrus	
FMA52699	nervous	Left infratrochlear nerve	
FMA72978	nervous	Left insula	
FMA72907	nervous	Left internal capsule	
FMA52630	nervous	Left lacrimal nerve	
FMA73304	nervous	Left lateral geniculate body	
FMA82735	nervous	Left long ciliary nerve	
FMA73310	nervous	Left medial geniculate body	
FMA72656	nervous	Left middle frontal gyrus	
FMA72686	nervous	Left middle temporal gyrus	
FMA52670	nervous	Left nasociliary nerve	
FMA72976	nervous	Left occipital lobe	
FMA52623	nervous	Left ophthalmic nerve	
FMA50878	nervous	Left optic nerve	
FMA67936	nervous	Left optic tract	
FMA72706	nervous	Left parahippocampal gyrus	
FMA72666	nervous	Left postcentral gyrus	
FMA52716	nervous	Left posterior ethmoidal nerve	
FMA72662	nervous	Left precentral gyrus	
FMA72829	nervous	Left putamen	
FMA73414	nervous	Left stria medullaris of thalamus	
FMA72940	nervous	Left stria terminalis	
FMA73423	nervous	Left superior colliculus	
FMA72654	nervous	Left superior frontal gyrus	
FMA72672	nervous	Left superior parietal lobule	
FMA52657	nervous	Left supra-orbital nerve	
FMA72668	nervous	Left supramarginal gyrus	
FMA52644	nervous	Left supratrochlear nerve	
FMA258716	nervous	Left thalamus	
FMA50882	nervous	Left trochlear nerve	
FMA74877	nervous	Mammillary body	
FMA62004	nervous	Medulla oblongata	
FMA61993	nervous	Midbrain	
FMA62045	nervous	Optic chiasm	
FMA256194	nervous	Orbital gyrus	
FMA62394	nervous	Peduncle of midbrain	
FMA67943	nervous	Pons	
FMA62072	nervous	Posterior commissure	
FMA72805	nervous	Posterior part of left superior temporal gyrus	
FMA72804	nervous	Posterior part of right superior temporal gyrus	
FMA72832	nervous	Right amygdala	
FMA72669	nervous	Right angular gyrus	
FMA52676	nervous	Right anterior ethmoidal nerve	
FMA72826	nervous	Right caudate nucleus	
FMA53549	nervous	Right ciliary ganglion	
FMA72717	nervous	Right cingulate gyrus	
FMA72924	nervous	Right fornix of forebrain	
FMA52639	nervous	Right frontal nerve	
FMA72689	nervous	Right fusiform gyrus	
FMA72830	nervous	Right globus pallidus	
FMA72713	nervous	Right hippocampus	
FMA73434	nervous	Right inferior colliculus	
FMA72657	nervous	Right inferior frontal gyrus	
FMA72687	nervous	Right inferior temporal gyrus	
FMA52698	nervous	Right infratrochlear nerve	
FMA72977	nervous	Right insula	
FMA72906	nervous	Right internal capsule	
FMA52629	nervous	Right lacrimal nerve	
FMA73303	nervous	Right lateral geniculate body	
FMA82734	nervous	Right long ciliary nerve	
FMA73309	nervous	Right medial geniculate body	
FMA72655	nervous	Right middle frontal gyrus	
FMA72685	nervous	Right middle temporal gyrus	
FMA52669	nervous	Right nasociliary nerve	
FMA72975	nervous	Right occipital lobe	
FMA52622	nervous	Right ophthalmic nerve	
FMA50875	nervous	Right optic nerve	
FMA62382	nervous	Right optic tract	
FMA72705	nervous	Right parahippocampal gyrus	
FMA72665	nervous	Right postcentral gyrus	
FMA52715	nervous	Right posterior ethmoidal nerve	
FMA72661	nervous	Right precentral gyrus	
FMA72828	nervous	Right putamen	
FMA73413	nervous	Right stria medullaris of thalamus	
FMA73422	nervous	Right superior colliculus	
FMA72653	nervous	Right superior frontal gyrus	
FMA72671	nervous	Right superior parietal lobule	
FMA52656	nervous	Right supra-orbital nerve	
FMA72667	nervous	Right supramarginal gyrus	
FMA52643	nervous	Right supratrochlear nerve	
FMA258714	nervous	Right thalamus	
FMA50881	nervous	Right trochlear nerve	
FMA61842	nervous	Septum of telencephalon	
FMA7041	nervous	Short ciliary nerve	
FMA61974	nervous	Stria terminalis	
FMA52575	nervous	Superior branch of left oculomotor nerve	
FMA52574	nervous	Superior branch of right oculomotor nerve	
FMA83966	nervous	Tentorium cerebelli	
FMA62327	nervous	Tuber cinereum	
FMA260794	nervous	White matter of left cerebral hemisphere	
FMA260791	nervous	White matter of right cerebral hemisphere	
FMA19618	reproductive	Corpus cavernosum of penis	
FMA19617	reproductive	Corpus spongiosum of penis	
FMA18247	reproductive	Glans penis	
FMA19236	reproductive	Left deferent duct	
FMA18257	reproductive	Left epididymis	
FMA19388	reproductive	Left seminal vesicle	
FMA7212	reproductive	Left testis	
FMA9600	reproductive	Prostate	
FMA19235	reproductive	Right deferent duct	
FMA18256	reproductive	Right epididymis	
FMA19387	reproductive	Right seminal vesicle	
FMA7211	reproductive	Right testis	
FMA55130	respiratory	Epiglottis	
FMA68227	respiratory	Inferior lingular bronchial tree	
FMA68215	respiratory	Lateral segmental bronchial tree	
FMA68231	respiratory	Left anterior basal segmental bronchial tree	
FMA68222	respiratory	Left anterior segmental bronchial tree	
FMA68223	respiratory	Left apical segmental bronchial tree	
FMA54738	respiratory	Left inferior nasal concha	
FMA46636	respiratory	Left inferior pharyngeal constrictor	
FMA68232	respiratory	Left lateral basal segmental bronchial tree	
FMA59513	respiratory	Left lateral nasal cartilage	
FMA7396	respiratory	Left main bronchus	
FMA68230	respiratory	Left medial basal segmental bronchial tree	
FMA46634	respiratory	Left middle pharyngeal constrictor	
FMA46672	respiratory	Left palatopharyngeus	
FMA68233	respiratory	Left posterior basal segmental bronchial tree	
FMA68225	respiratory	Left posterior segmental bronchial tree	
FMA46670	respiratory	Left salpingopharyngeus	
FMA46668	respiratory	Left stylopharyngeus	
FMA46632	respiratory	Left superior pharyngeal constrictor	
FMA68228	respiratory	Left superior segmental bronchial tree	
FMA68214	respiratory	Medial segmental bronchial tree	
FMA68321	respiratory	Right anterior basal segmental bronchial tree	
FMA68212	respiratory	Right anterior segmental bronchial tree	
FMA68211	respiratory	Right apical segmental bronchial tree	
FMA54737	respiratory	Right inferior nasal concha	
FMA46635	respiratory	Right inferior pharyngeal constrictor	
FMA68220	respiratory	Right lateral basal segmental bronchial tree	
FMA59512	respiratory	Right lateral nasal cartilage	
FMA68418	respiratory	Right main bronchus proper	
FMA68218	respiratory	Right medial basal segmental bronchial tree	
FMA46633	respiratory	Right middle pharyngeal constrictor	
FMA46671	respiratory	Right palatopharyngeus	
FMA68221	respiratory	Right posterior basal segmental bronchial tree	
FMA68213	respiratory	Right posterior segmental bronchial tree	
FMA46669	respiratory	Right salpingopharyngeus	
FMA46667	respiratory	Right stylopharyngeus	
FMA46631	respiratory	Right superior pharyngeal constrictor	
FMA68216	respiratory	Right superior segmental bronchial tree	
FMA59503	respiratory	Septal nasal cartilage	
FMA68226	respiratory	Superior lingular bronchial tree	
FMA7394	respiratory	Trachea	
FMA58082	sensory	Anterior chamber of left eyeball	
FMA58081	sensory	Anterior chamber of right eyeball	
FMA61934	sensory	Choroid plexus of cerebral hemisphere	
FMA52781	sensory	External ear	
FMA40121	sensory	Flexor retinaculum of left wrist	
FMA40120	sensory	Flexor retinaculum of right wrist	
FMA58300	sensory	Left choroid	
FMA49073	sensory	Left common tendinous ring	
FMA58240	sensory	Left cornea	
FMA58484	sensory	Left corona ciliaris	
FMA58237	sensory	Left iris	
FMA53646	sensory	Left lacrimal bone	
FMA59583	sensory	Left lacrimal canaliculus	
FMA59103	sensory	Left lacrimal gland	
FMA59542	sensory	Left lacrimal lake	
FMA59546	sensory	Left lacrimal sac	
FMA58243	sensory	Left lens	
FMA59556	sensory	Left nasolacrimal duct	
FMA58272	sensory	Left sclera	
FMA58829	sensory	Left vitreous body	
FMA58608	sensory	Optic part of left retina	
FMA58607	sensory	Optic part of right retina	
FMA58299	sensory	Right choroid	
FMA49072	sensory	Right common tendinous ring	
FMA58239	sensory	Right cornea	
FMA58483	sensory	Right corona ciliaris	
FMA58236	sensory	Right iris	
FMA53645	sensory	Right lacrimal bone	
FMA59582	sensory	Right lacrimal canaliculus	
FMA59102	sensory	Right lacrimal gland	
FMA59541	sensory	Right lacrimal lake	
FMA59545	sensory	Right lacrimal sac	
FMA58242	sensory	Right lens	
FMA59555	sensory	Right nasolacrimal duct	
FMA58271	sensory	Right sclera	
FMA58828	sensory	Right vitreous body	
FMA58840	sensory	Suspensory ligament of left lens	
FMA58839	sensory	Suspensory ligament of right lens	
FMA59090	sensory	Tarsal plate of left lower eyelid	
FMA59092	sensory	Tarsal plate of left upper eyelid	
FMA59089	sensory	Tarsal plate of right lower eyelid	
FMA59091	sensory	Tarsal plate of right upper eyelid	
FMA12519	skeletal	Atlas	
FMA12520	skeletal	Axis	
FMA7487	skeletal	Body of sternum	
FMA9615	skeletal	Cricoid cartilage	
FMA32651	skeletal	Distal phalanx of left big toe	
FMA32657	skeletal	Distal phalanx of left fourth toe	
FMA23953	skeletal	Distal phalanx of left index finger	
FMA23959	skeletal	Distal phalanx of left little finger	
FMA32659	skeletal	Distal phalanx of left little toe	
FMA23955	skeletal	Distal phalanx of left middle finger	
FMA23957	skeletal	Distal phalanx of left ring finger	
FMA32653	skeletal	Distal phalanx of left second toe	
FMA32655	skeletal	Distal phalanx of left third toe	
FMA23951	skeletal	Distal phalanx of left thumb	
FMA32650	skeletal	Distal phalanx of right big toe	
FMA32656	skeletal	Distal phalanx of right fourth toe	
FMA24460	skeletal	Distal phalanx of right index finger	
FMA24463	skeletal	Distal phalanx of right little finger	
FMA32658	skeletal	Distal phalanx of right little toe	
FMA24461	skeletal	Distal phalanx of right middle finger	
FMA24462	skeletal	Distal phalanx of right ring finger	
FMA32652	skeletal	Distal phalanx of right second toe	
FMA32654	skeletal	Distal phalanx of right third toe	
FMA24459	skeletal	Distal phalanx of right thumb	
FMA9991	skeletal	Eighth thoracic vertebra	
FMA10059	skeletal	Eleventh thoracic vertebra	
FMA52740	skeletal	Ethmoid	
FMA12523	skeletal	Fifth cervical vertebra	
FMA13076	skeletal	Fifth lumbar vertebra	
FMA9922	skeletal	Fifth thoracic vertebra	
FMA13072	skeletal	First lumbar vertebra	
FMA9165	skeletal	First thoracic vertebra	
FMA12522	skeletal	Fourth cervical vertebra	
FMA13075	skeletal	Fourth lumbar vertebra	
FMA9248	skeletal	Fourth thoracic vertebra	
FMA52734	skeletal	Frontal bone	
FMA59764	skeletal	Gingiva of lower jaw	
FMA59763	skeletal	Gingiva of upper jaw	
FMA52749	skeletal	Hyoid bone	
FMA10446	skeletal	Intervertebral disk	
FMA25058	skeletal	Intervertebral disk of axis	
FMA13505	skeletal	Intervertebral disk of eighth thoracic vertebra	
FMA13508	skeletal	Intervertebral disk of eleventh thoracic vertebra	
FMA13898	skeletal	Intervertebral disk of fifth cervical vertebra	
FMA16037	skeletal	Intervertebral disk of fifth lumbar vertebra	
FMA13502	skeletal	Intervertebral disk of fifth thoracic vertebra	
FMA16033	skeletal	Intervertebral disk of first lumbar vertebra	
FMA10458	skeletal	Intervertebral disk of first thoracic vertebra	
FMA13897	skeletal	Intervertebral disk of fourth cervical vertebra	
FMA16036	skeletal	Intervertebral disk of fourth lumbar vertebra	
FMA13501	skeletal	Intervertebral disk of fourth thoracic vertebra	
FMA13506	skeletal	Intervertebral disk of ninth thoracic vertebra	
FMA16034	skeletal	Intervertebral disk of second lumbar vertebra	
FMA13495	skeletal	Intervertebral disk of second thoracic vertebra	
FMA13900	skeletal	Intervertebral disk of seventh cervical vertebra	
FMA13504	skeletal	Intervertebral disk of seventh thoracic vertebra	
FMA13899	skeletal	Intervertebral disk of sixth cervical vertebra	
FMA13503	skeletal	Intervertebral disk of sixth thoracic vertebra	
FMA13507	skeletal	Intervertebral disk of tenth thoracic vertebra	
FMA13896	skeletal	Intervertebral disk of third cervical vertebra	
FMA16035	skeletal	Intervertebral disk of third lumbar vertebra	
FMA13500	skeletal	Intervertebral disk of third thoracic vertebra	
FMA55114	skeletal	Left arytenoid cartilage	
FMA24498	skeletal	Left calcaneus	
FMA24447	skeletal	Left capitate	
FMA13323	skeletal	Left clavicle	
FMA55116	skeletal	Left corniculate cartilage	
FMA24529	skeletal	Left cuboid bone	
FMA55118	skeletal	Left cuneiform cartilage	
FMA8310	skeletal	Left eighth rib	
FMA8532	skeletal	Left eleventh rib	
FMA24475	skeletal	Left femur	
FMA24481	skeletal	Left fibula	
FMA22555	skeletal	Left fibularis brevis	
FMA22553	skeletal	Left fibularis longus	
FMA22551	skeletal	Left fibularis tertius	
FMA8112	skeletal	Left fifth costal cartilage	
FMA24473	skeletal	Left fifth metacarpal bone	
FMA24516	skeletal	Left fifth metatarsal bone	
FMA8093	skeletal	Left fifth rib	
FMA8005	skeletal	Left first costal cartilage	
FMA24465	skeletal	Left first metacarpal bone	
FMA24508	skeletal	Left first metatarsal bone	
FMA7987	skeletal	Left first rib	
FMA8167	skeletal	Left fourth costal cartilage	
FMA24471	skeletal	Left fourth metacarpal bone	
FMA24514	skeletal	Left fourth metatarsal bone	
FMA8148	skeletal	Left fourth rib	
FMA24449	skeletal	Left hamate	
FMA16587	skeletal	Left hip bone	
FMA23131	skeletal	Left humerus	
FMA58777	skeletal	Left iliotibial tract	
FMA24524	skeletal	Left intermediate cuneiform bone	
FMA24526	skeletal	Left lateral cuneiform bone	
FMA32541	skeletal	Left levator scapulae	
FMA57143	skeletal	Left lower central secondary incisor tooth	
FMA55704	skeletal	Left lower first secondary molar tooth	
FMA55693	skeletal	Left lower first secondary premolar tooth	
FMA57141	skeletal	Left lower lateral secondary incisor tooth	
FMA55703	skeletal	Left lower second secondary molar tooth	
FMA55692	skeletal	Left lower second secondary premolar tooth	
FMA55687	skeletal	Left lower secondary canine tooth	
FMA24438	skeletal	Left lunate	
FMA59506	skeletal	Left major alar cartilage	
FMA53650	skeletal	Left maxilla	
FMA24522	skeletal	Left medial cuneiform bone	
FMA53648	skeletal	Left nasal bone	
FMA8391	skeletal	Left ninth rib	
FMA53656	skeletal	Left palatine bone	
FMA52789	skeletal	Left parietal bone	
FMA24487	skeletal	Left patella	
FMA24442	skeletal	Left pisiform	
FMA23465	skeletal	Left radius	
FMA24436	skeletal	Left scaphoid	
FMA13396	skeletal	Left scapula	
FMA8031	skeletal	Left second costal cartilage	
FMA24467	skeletal	Left second metacarpal bone	
FMA24510	skeletal	Left second metatarsal bone	
FMA8012	skeletal	Left second rib	
FMA8275	skeletal	Left seventh costal cartilage	
FMA8256	skeletal	Left seventh rib	
FMA8221	skeletal	Left sixth costal cartilage	
FMA8202	skeletal	Left sixth rib	
FMA13415	skeletal	Left subscapularis	
FMA24483	skeletal	Left talus	
FMA52739	skeletal	Left temporal bone	
FMA8472	skeletal	Left tenth rib	
FMA8058	skeletal	Left third costal cartilage	
FMA24469	skeletal	Left third metacarpal bone	
FMA24512	skeletal	Left third metatarsal bone	
FMA8039	skeletal	Left third rib	
FMA24478	skeletal	Left tibia	
FMA22545	skeletal	Left tibialis anterior	
FMA65019	skeletal	Left tibialis posterior	
FMA24444	skeletal	Left trapezium	
FMA24445	skeletal	Left trapezoid	
FMA24440	skeletal	Left triquetral	
FMA8534	skeletal	Left twelfth rib	
FMA23468	skeletal	Left ulna	
FMA55682	skeletal	Left upper central secondary incisor tooth	
FMA55699	skeletal	Left upper first secondary molar tooth	
FMA55690	skeletal	Left upper first secondary premolar tooth	
FMA55683	skeletal	Left upper lateral secondary incisor tooth	
FMA55700	skeletal	Left upper second secondary molar tooth	
FMA55691	skeletal	Left upper second secondary premolar tooth	
FMA55799	skeletal	Left upper secondary canine tooth	
FMA52893	skeletal	Left zygomatic bone	
FMA52748	skeletal	Mandible	
FMA7486	skeletal	Manubrium	
FMA32647	skeletal	Middle phalanx of left fourth toe	
FMA23938	skeletal	Middle phalanx of left index finger	
FMA23944	skeletal	Middle phalanx of left little finger	
FMA230988	skeletal	Middle phalanx of left little toe	
FMA23940	skeletal	Middle phalanx of left middle finger	
FMA23942	skeletal	Middle phalanx of left ring finger	
FMA32643	skeletal	Middle phalanx of left second toe	
FMA32645	skeletal	Middle phalanx of left third toe	
FMA32646	skeletal	Middle phalanx of right fourth toe	
FMA24455	skeletal	Middle phalanx of right index finger	
FMA24458	skeletal	Middle phalanx of right little finger	
FMA230986	skeletal	Middle phalanx of right little toe	
FMA24456	skeletal	Middle phalanx of right middle finger	
FMA24457	skeletal	Middle phalanx of right ring finger	
FMA32642	skeletal	Middle phalanx of right second toe	
FMA32644	skeletal	Middle phalanx of right third toe	
FMA24501	skeletal	Navicular bone of left foot	
FMA24500	skeletal	Navicular bone of right foot	
FMA10014	skeletal	Ninth thoracic vertebra	
FMA52735	skeletal	Occipital bone	
FMA43254	skeletal	Proximal phalanx of left big toe	
FMA32639	skeletal	Proximal phalanx of left fourth toe	
FMA71915	skeletal	Proximal phalanx of left index finger	
FMA66791	skeletal	Proximal phalanx of left little finger	
FMA32641	skeletal	Proximal phalanx of left little toe	
FMA71908	skeletal	Proximal phalanx of left middle finger	
FMA71916	skeletal	Proximal phalanx of left ring finger	
FMA32635	skeletal	Proximal phalanx of left second toe	
FMA32637	skeletal	Proximal phalanx of left third toe	
FMA65470	skeletal	Proximal phalanx of left thumb	
FMA43253	skeletal	Proximal phalanx of right big toe	
FMA32638	skeletal	Proximal phalanx of right fourth toe	
FMA24451	skeletal	Proximal phalanx of right index finger	
FMA24454	skeletal	Proximal phalanx of right little finger	
FMA32640	skeletal	Proximal phalanx of right little toe	
FMA24452	skeletal	Proximal phalanx of right middle finger	
FMA24453	skeletal	Proximal phalanx of right ring finger	
FMA32634	skeletal	Proximal phalanx of right second toe	
FMA32636	skeletal	Proximal phalanx of right third toe	
FMA24450	skeletal	Proximal phalanx of right thumb	
FMA55113	skeletal	Right arytenoid cartilage	
FMA24497	skeletal	Right calcaneus	
FMA24446	skeletal	Right capitate	
FMA13322	skeletal	Right clavicle	
FMA55115	skeletal	Right corniculate cartilage	
FMA24528	skeletal	Right cuboid bone	
FMA55117	skeletal	Right cuneiform cartilage	
FMA8283	skeletal	Right eighth rib	
FMA8531	skeletal	Right eleventh rib	
FMA24474	skeletal	Right femur	
FMA24480	skeletal	Right fibula	
FMA22554	skeletal	Right fibularis brevis	
FMA22552	skeletal	Right fibularis longus	
FMA22550	skeletal	Right fibularis tertius	
FMA8070	skeletal	Right fifth costal cartilage	
FMA24472	skeletal	Right fifth metacarpal bone	
FMA24515	skeletal	Right fifth metatarsal bone	
FMA8066	skeletal	Right fifth rib	
FMA7875	skeletal	Right first costal cartilage	
FMA24464	skeletal	Right first metacarpal bone	
FMA24507	skeletal	Right first metatarsal bone	
FMA7857	skeletal	Right first rib	
FMA7976	skeletal	Right fourth costal cartilage	
FMA24470	skeletal	Right fourth metacarpal bone	
FMA24513	skeletal	Right fourth metatarsal bone	
FMA7957	skeletal	Right fourth rib	
FMA24448	skeletal	Right hamate	
FMA16586	skeletal	Right hip bone	
FMA23130	skeletal	Right humerus	
FMA58776	skeletal	Right iliotibial tract	
FMA24523	skeletal	Right intermediate cuneiform bone	
FMA24525	skeletal	Right lateral cuneiform bone	
FMA32540	skeletal	Right levator scapulae	
FMA57142	skeletal	Right lower central secondary incisor tooth	
FMA55705	skeletal	Right lower first secondary molar tooth	
FMA55694	skeletal	Right lower first secondary premolar tooth	
FMA57140	skeletal	Right lower lateral secondary incisor tooth	
FMA55706	skeletal	Right lower second secondary molar tooth	
FMA55695	skeletal	Right lower second secondary premolar tooth	
FMA55686	skeletal	Right lower secondary canine tooth	
FMA24437	skeletal	Right lunate	
FMA59505	skeletal	Right major alar cartilage	
FMA53649	skeletal	Right maxilla	
FMA24521	skeletal	Right medial cuneiform bone	
FMA53647	skeletal	Right nasal bone	
FMA8364	skeletal	Right ninth rib	
FMA53655	skeletal	Right palatine bone	
FMA52788	skeletal	Right parietal bone	
FMA24486	skeletal	Right patella	
FMA24441	skeletal	Right pisiform	
FMA23464	skeletal	Right radius	
FMA24435	skeletal	Right scaphoid	
FMA13395	skeletal	Right scapula	
FMA7886	skeletal	Right second costal cartilage	
FMA24466	skeletal	Right second metacarpal bone	
FMA24509	skeletal	Right second metatarsal bone	
FMA7882	skeletal	Right second rib	
FMA8248	skeletal	Right seventh costal cartilage	
FMA8229	skeletal	Right seventh rib	
FMA8194	skeletal	Right sixth costal cartilage	
FMA8175	skeletal	Right sixth rib	
FMA13414	skeletal	Right subscapularis	
FMA24482	skeletal	Right talus	
FMA52738	skeletal	Right temporal bone	
FMA8445	skeletal	Right tenth rib	
FMA7913	skeletal	Right third costal cartilage	
FMA24468	skeletal	Right third metacarpal bone	
FMA24511	skeletal	Right third metatarsal bone	
FMA7909	skeletal	Right third rib	
FMA24477	skeletal	Right tibia	
FMA22544	skeletal	Right tibialis anterior	
FMA65018	skeletal	Right tibialis posterior	
FMA24443	skeletal	Right trapezium	
FMA23725	skeletal	Right trapezoid	
FMA24439	skeletal	Right triquetral	
FMA8533	skeletal	Right twelfth rib	
FMA23467	skeletal	Right ulna	
FMA55681	skeletal	Right upper central secondary incisor tooth	
FMA55698	skeletal	Right upper first secondary molar tooth	
FMA55689	skeletal	Right upper first secondary premolar tooth	
FMA55680	skeletal	Right upper lateral secondary incisor tooth	
FMA55697	skeletal	Right upper second secondary molar tooth	
FMA55688	skeletal	Right upper second secondary premolar tooth	
FMA55798	skeletal	Right upper secondary canine tooth	
FMA52892	skeletal	Right zygomatic bone	
FMA16202	skeletal	Sacrum	
FMA13073	skeletal	Second lumbar vertebra	
FMA9187	skeletal	Second thoracic vertebra	
FMA45098	skeletal	Sesamoid bone of left foot	
FMA45097	skeletal	Sesamoid bone of right foot	
FMA12525	skeletal	Seventh cervical vertebra	
FMA9968	skeletal	Seventh thoracic vertebra	
FMA12524	skeletal	Sixth cervical vertebra	
FMA9945	skeletal	Sixth thoracic vertebra	
FMA52736	skeletal	Sphenoid bone	
FMA10037	skeletal	Tenth thoracic vertebra	
FMA12521	skeletal	Third cervical vertebra	
FMA13074	skeletal	Third lumbar vertebra	
FMA9209	skeletal	Third thoracic vertebra	
FMA55099	skeletal	Thyroid cartilage	
FMA10081	skeletal	Twelfth thoracic vertebra	
FMA9710	skeletal	Vomer	
FMA7488	skeletal	Xiphoid process	
FMA7205	urinary	Left kidney	
FMA15572	urinary	Left ureter	
FMA7204	urinary	Right kidney	
FMA15571	urinary	Right ureter	
FMA19667	urinary	Urethra	
FMA15900	urinary	Urinary bladder	
FMA5011	venous	Accessory hemiazygos vein	
FMA76767	venous	Anterior cardiac vein	
FMA15421	venous	Anterior inferior segmental branch of right portal vein	
FMA15800	venous	Anterior inferior segmental tributary of middle hepatic vein	
FMA66403	venous	Anterior interventricular vein	
FMA68945	venous	Anterior part of lateral segmental vein	
FMA68921	venous	Anterior part of right apical segmental vein	
FMA15420	venous	Anterior superior segmental branch of right portal vein	
FMA15798	venous	Anterior superior segmental tributary of right hepatic vein	
FMA8681	venous	Apical part of right apical segmental vein	
FMA12858	venous	Ascending lumbar vein	
FMA4838	venous	Azygos vein	
FMA15425	venous	Caudate lobe branch of left portal vein	
FMA82706	venous	Caudate lobe branch of right portal vein	
FMA22923	venous	Common palmar digital vein	
FMA4706	venous	Coronary sinus	
FMA21354	venous	Deep dorsal vein of penis	
FMA22954	venous	Dorsal metacarpal vein	
FMA44882	venous	Dorsal venous arch of left foot	
FMA44881	venous	Dorsal venous arch of right foot	
FMA62507	venous	Dorsal venous network of left hand	
FMA62506	venous	Dorsal venous network of right hand	
FMA4707	venous	Great cardiac vein	
FMA4944	venous	Hemiazygos vein	
FMA50735	venous	Hepatic portal vein	
FMA15739	venous	Hepatovenous segment II	
FMA15741	venous	Hepatovenous segment III	
FMA15742	venous	Hepatovenous segment IV	
FMA15747	venous	Hepatovenous segment IX	
FMA15743	venous	Hepatovenous segment V	
FMA15744	venous	Hepatovenous segment VI	
FMA15745	venous	Hepatovenous segment VII	
FMA15746	venous	Hepatovenous segment VIII	
FMA15405	venous	Ileal vein	
FMA15408	venous	Ileocolic vein	
FMA8669	venous	Inferior lingular vein	
FMA15391	venous	Inferior mesenteric vein	
FMA68983	venous	Inferior part of medial segmental vein	
FMA68928	venous	Inferior part of right anterior segmental vein	
FMA68068	venous	Inferior phrenic vein	
FMA10951	venous	Inferior vena cava	
FMA15432	venous	Lateral inferior segmental branch of left portal vein	
FMA15804	venous	Lateral inferior segmental tributary of left hepatic vein	
FMA15431	venous	Lateral superior segmental branch of left portal vein	
FMA15803	venous	Lateral superior segmental tributary of left hepatic vein	
FMA8678	venous	Left anterior basal segmental vein	
FMA77955	venous	Left anterior circumflex humeral vein	
FMA8667	venous	Left anterior segmental vein	
FMA44337	venous	Left anterior tibial vein	
FMA9437	venous	Left apical segmental vein	
FMA4950	venous	Left ascending lumbar vein	
FMA13331	venous	Left axillary vein	
FMA22910	venous	Left basilic vein	
FMA4761	venous	Left brachiocephalic vein	
FMA13326	venous	Left cephalic vein	
FMA77950	venous	Left circumflex scapular vein	
FMA15394	venous	Left colic vein	
FMA21388	venous	Left common iliac vein	
FMA51043	venous	Left deep femoral vein	
FMA22913	venous	Left deep palmar venous arch	
FMA18886	venous	Left external iliac vein	
FMA21189	venous	Left femoral vein	
FMA44886	venous	Left fibular vein	
FMA15399	venous	Left gastric vein	
FMA15390	venous	Left gastroepiploic vein	
FMA44888	venous	Left genicular vein	
FMA21380	venous	Left great saphenous vein	
FMA14339	venous	Left hepatic vein	
FMA18904	venous	Left iliolumbar vein	
FMA21164	venous	Left inferior epigastric vein	
FMA18913	venous	Left inferior gluteal vein	
FMA49913	venous	Left inferior pulmonary vein	
FMA18888	venous	Left internal iliac vein	
FMA4762	venous	Left internal jugular vein	
FMA18919	venous	Left internal pudendal vein	
FMA9450	venous	Left lateral basal segmental vein	
FMA44922	venous	Left lateral circumflex femoral vein	
FMA18907	venous	Left lateral sacral vein	
FMA71212	venous	Left lateral thoracic vein	
FMA4708	venous	Left marginal vein	
FMA22936	venous	Left medial brachial vein	
FMA44919	venous	Left medial circumflex femoral vein	
FMA22969	venous	Left median antebrachial vein	
FMA22965	venous	Left median cubital vein	
FMA4786	venous	Left musculophrenic vein	
FMA18916	venous	Left obturator vein	
FMA22921	venous	Left palmar metacarpal vein	
FMA44329	venous	Left popliteal vein	
FMA15415	venous	Left portal vein	
FMA9451	venous	Left posterior basal segmental vein	
FMA9438	venous	Left posterior segmental vein	
FMA44339	venous	Left posterior tibial vein	
FMA22949	venous	Left radial vein	
FMA14336	venous	Left renal vein	
FMA44335	venous	Left small saphenous vein	
FMA4763	venous	Left subclavian vein	
FMA4951	venous	Left subcostal vein	
FMA23115	venous	Left subscapular vein	
FMA21386	venous	Left superficial dorsal vein of penis	
FMA44341	venous	Left superficial epigastric vein	
FMA22916	venous	Left superficial palmar venous arch	
FMA4785	venous	Left superior epigastric vein	
FMA18910	venous	Left superior gluteal vein	
FMA4797	venous	Left superior intercostal vein	
FMA49916	venous	Left superior pulmonary vein	
FMA14349	venous	Left suprarenal vein	
FMA50860	venous	Left suprascapular vein	
FMA14345	venous	Left testicular vein	
FMA71215	venous	Left thoracodorsal vein	
FMA22952	venous	Left ulnar vein	
FMA15370	venous	Lumbar vein	
FMA15429	venous	Medial inferior segmental branch of left portal vein	
FMA15801	venous	Medial inferior segmental tributary of middle hepatic vein	
FMA15428	venous	Medial superior segmental branch of left portal vein	
FMA15802	venous	Medial superior segmental tributary of left hepatic vein	
FMA77168	venous	Median sacral vein	
FMA4713	venous	Middle cardiac vein	
FMA15406	venous	Middle colic vein	
FMA14340	venous	Middle hepatic vein	
FMA15398	venous	Pancreaticoduodenal vein	
FMA44504	venous	Plantar metatarsal vein	
FMA44884	venous	Plantar venous arch of left foot	
FMA44883	venous	Plantar venous arch of right foot	
FMA15424	venous	Posterior inferior segmental branch of right portal vein	
FMA15797	venous	Posterior inferior segmental tributary of right hepatic vein	
FMA68944	venous	Posterior part of lateral segmental vein	
FMA15423	venous	Posterior superior segmental branch of right portal vein	
FMA15796	venous	Posterior superior segmental tributary of right hepatic vein	
FMA4712	venous	Posterior vein of left ventricle	
FMA71904	venous	Pre-hepatic portal vein	
FMA85097	venous	Proper palmar digital vein of left index finger	
FMA85103	venous	Proper palmar digital vein of left little finger	
FMA85099	venous	Proper palmar digital vein of left middle finger	
FMA85101	venous	Proper palmar digital vein of left ring finger	
FMA85096	venous	Proper palmar digital vein of right index finger	
FMA85102	venous	Proper palmar digital vein of right little finger	
FMA85098	venous	Proper palmar digital vein of right middle finger	
FMA85100	venous	Proper palmar digital vein of right ring finger	
FMA8673	venous	Right anterior basal segmental vein	
FMA77954	venous	Right anterior circumflex humeral vein	
FMA8662	venous	Right anterior segmental vein	
FMA44336	venous	Right anterior tibial vein	
FMA4843	venous	Right ascending lumbar vein	
FMA13330	venous	Right axillary vein	
FMA22909	venous	Right basilic vein	
FMA4751	venous	Right brachiocephalic vein	
FMA13325	venous	Right cephalic vein	
FMA77949	venous	Right circumflex scapular vein	
FMA15407	venous	Right colic vein	
FMA21387	venous	Right common iliac vein	
FMA51042	venous	Right deep femoral vein	
FMA22912	venous	Right deep palmar venous arch	
FMA18885	venous	Right external iliac vein	
FMA21188	venous	Right femoral vein	
FMA44885	venous	Right fibular vein	
FMA15400	venous	Right gastric vein	
FMA15397	venous	Right gastroepiploic vein	
FMA44887	venous	Right genicular vein	
FMA21379	venous	Right great saphenous vein	
FMA14338	venous	Right hepatic vein	
FMA18903	venous	Right iliolumbar vein	
FMA21163	venous	Right inferior epigastric vein	
FMA18912	venous	Right inferior gluteal vein	
FMA49911	venous	Right inferior pulmonary vein	
FMA18887	venous	Right internal iliac vein	
FMA4754	venous	Right internal jugular vein	
FMA18918	venous	Right internal pudendal vein	
FMA4758	venous	Right internal thoracic vein	
FMA9425	venous	Right lateral basal segmental vein	
FMA44920	venous	Right lateral circumflex femoral vein	
FMA18906	venous	Right lateral sacral vein	
FMA71211	venous	Right lateral thoracic vein	
FMA4716	venous	Right marginal vein	
FMA9422	venous	Right medial basal segmental vein	
FMA22935	venous	Right medial brachial vein	
FMA44918	venous	Right medial circumflex femoral vein	
FMA22968	venous	Right median antebrachial vein	
FMA22964	venous	Right median cubital vein	
FMA4772	venous	Right musculophrenic vein	
FMA18915	venous	Right obturator vein	
FMA22920	venous	Right palmar metacarpal vein	
FMA44328	venous	Right popliteal vein	
FMA15414	venous	Right portal vein	
FMA9428	venous	Right posterior basal segmental vein	
FMA8663	venous	Right posterior segmental vein	
FMA44338	venous	Right posterior tibial vein	
FMA22948	venous	Right radial vein	
FMA14335	venous	Right renal vein	
FMA44334	venous	Right small saphenous vein	
FMA4755	venous	Right subclavian vein	
FMA4844	venous	Right subcostal vein	
FMA23114	venous	Right subscapular vein	
FMA21385	venous	Right superficial dorsal vein of penis	
FMA44340	venous	Right superficial epigastric vein	
FMA22915	venous	Right superficial palmar venous arch	
FMA4771	venous	Right superior epigastric vein	
FMA18909	venous	Right superior gluteal vein	
FMA4877	venous	Right superior intercostal vein	
FMA49914	venous	Right superior pulmonary vein	
FMA8670	venous	Right superior segmental vein	
FMA14343	venous	Right suprarenal vein	
FMA50859	venous	Right suprascapular vein	
FMA14341	venous	Right testicular vein	
FMA71214	venous	Right thoracodorsal vein	
FMA22951	venous	Right ulnar vein	
FMA70839	venous	Set of anterior intercostal veins	
FMA70917	venous	Set of dorsal digital veins	
FMA70922	venous	Set of perforating veins	
FMA70919	venous	Set of plantar digital veins	
FMA15395	venous	Sigmoid vein	
FMA4714	venous	Small cardiac vein	
FMA14331	venous	Splenic vein	
FMA21384	venous	Superficial dorsal vein of penis	
FMA8668	venous	Superior lingular vein	
FMA14332	venous	Superior mesenteric vein	
FMA68982	venous	Superior part of medial segmental vein	
FMA68926	venous	Superior part of right anterior segmental vein	
FMA78121	venous	Superior phrenic vein	
FMA15393	venous	Superior rectal vein	
FMA4720	venous	Superior vena cava	
FMA15793	venous	Tributary of middle hepatic vein	
FMA44499	venous	Tributary of plantar venous arch	
FMA82697	venous	Trunk of left portal vein	
FMA68880	venous	Trunk of right apical segmental vein	
FMA82695	venous	Trunk of right portal vein	
